Chrysler,1987,https://teknet.etools.org/teknet/Chrysler/1987/
Chrysler,1988,https://teknet.etools.org/teknet/Chrysler/1988/
Chrysler,1989,https://teknet.etools.org/teknet/Chrysler/1989/
Chrysler,1990,https://teknet.etools.org/teknet/Chrysler/1990/
Chrysler,1991,https://teknet.etools.org/teknet/Chrysler/1991/
Chrysler,1992,https://teknet.etools.org/teknet/Chrysler/1992/
Chrysler,1993,https://teknet.etools.org/teknet/Chrysler/1993/
Chrysler,1994,https://teknet.etools.org/teknet/Chrysler/1994/
Chrysler,1995,https://teknet.etools.org/teknet/Chrysler/1995/
Chrysler,1996,https://teknet.etools.org/teknet/Chrysler/1996/
Chrysler,1997,https://teknet.etools.org/teknet/Chrysler/1997/
Chrysler,1998,https://teknet.etools.org/teknet/Chrysler/1998/
Chrysler,1999,https://teknet.etools.org/teknet/Chrysler/1999/
Chrysler,2000,https://teknet.etools.org/teknet/Chrysler/2000/
Chrysler,2001,https://teknet.etools.org/teknet/Chrysler/2001/
Chrysler,2002,https://teknet.etools.org/teknet/Chrysler/2002/
Chrysler,2003,https://teknet.etools.org/teknet/Chrysler/2003/
Chrysler,2004,https://teknet.etools.org/teknet/Chrysler/2004/
Chrysler,2005,https://teknet.etools.org/teknet/Chrysler/2005/
Chrysler,2006,https://teknet.etools.org/teknet/Chrysler/2006/
Chrysler,2007,https://teknet.etools.org/teknet/Chrysler/2007/
Chrysler,2008,https://teknet.etools.org/teknet/Chrysler/2008/
Chrysler,2009,https://teknet.etools.org/teknet/Chrysler%20(License)/2009/
Chrysler,2010,https://teknet.etools.org/teknet/Chrysler%20(License)/2010/
Chrysler,2011,https://teknet.etools.org/teknet/Chrysler%20(License)/2011/
Chrysler,2012,https://teknet.etools.org/teknet/Chrysler%20(License)/2012/
Chrysler,2013,https://teknet.etools.org/teknet/Chrysler%20(License)/2013/
Chrysler,2014,https://teknet.etools.org/teknet/Chrysler%20(License)/2014/
Chrysler,2015,https://teknet.etools.org/teknet/Chrysler%20(License)/2015/
Chrysler,2016,https://teknet.etools.org/teknet/Chrysler%20(License)/2016/
Chrysler,2017,https://teknet.etools.org/teknet/Chrysler%20(License)/2017/
Chrysler,2018,https://teknet.etools.org/teknet/Chrysler%20(License)/2018/
Chrysler,2019,https://teknet.etools.org/teknet/Chrysler%20(License)/2019/
Chrysler,2020,https://teknet.etools.org/teknet/Chrysler%20(License)/2020/
Chrysler,2021,https://teknet.etools.org/teknet/Chrysler%20(License)/2021/
Chrysler,2022,https://teknet.etools.org/teknet/Chrysler%20(License)/2022/
Chrysler,2023,https://teknet.etools.org/teknet/Chrysler%20(License)/2023/
Chrysler,2024,https://teknet.etools.org/teknet/Chrysler%20(License)/2024/
Chrysler,2025,https://teknet.etools.org/teknet/Chrysler%20(License)/2025/
Ford,1984,https://teknet.etools.org/teknet/Ford/1984/
Ford,1987,https://teknet.etools.org/teknet/Ford/1987/
Ford,1988,https://teknet.etools.org/teknet/Ford/1988/
Ford,1990,https://teknet.etools.org/teknet/Ford/1990/
Ford,1991,https://teknet.etools.org/teknet/Ford/1991/
Ford,1992,https://teknet.etools.org/teknet/Ford/1992/
Ford,1993,https://teknet.etools.org/teknet/Ford/1993/
Ford,1994,https://teknet.etools.org/teknet/Ford/1994/
Ford,1995,https://teknet.etools.org/teknet/Ford/1995/
Ford,1996,https://teknet.etools.org/teknet/Ford/1996/
Ford,1997,https://teknet.etools.org/teknet/Ford/1997/
Ford,1998,https://teknet.etools.org/teknet/Ford/1998/
Ford,1999,https://teknet.etools.org/teknet/Ford/1999/
Ford,2000,https://teknet.etools.org/teknet/Ford/2000/
Ford,2001,https://teknet.etools.org/teknet/Ford/2001/
Ford,2002,https://teknet.etools.org/teknet/Ford/2002/
Ford,2003,https://teknet.etools.org/teknet/Ford/2003/
Ford,2004,https://teknet.etools.org/teknet/Ford/2004/
Ford,2005,https://teknet.etools.org/teknet/Ford/2005/
Ford,2006,https://teknet.etools.org/teknet/Ford/2006/
Ford,2007,https://teknet.etools.org/teknet/Ford/2007/
Ford,2008,https://teknet.etools.org/teknet/Ford/2008/
Ford,2009,https://teknet.etools.org/teknet/Ford/2009/
Ford,2010,https://teknet.etools.org/teknet/Ford/2010/
Ford,2011,https://teknet.etools.org/teknet/Ford/2011/
Ford,2012,https://teknet.etools.org/teknet/Ford/2012/
Ford,2013,https://teknet.etools.org/teknet/Ford/2013/
Ford,2014,https://teknet.etools.org/teknet/Ford/2014/
Ford,2015,https://teknet.etools.org/teknet/Ford/2015/
Ford,2016,https://teknet.etools.org/teknet/Ford/2016/
Ford,2017,https://teknet.etools.org/teknet/Ford/2017/
Ford,2018,https://teknet.etools.org/teknet/Ford/2018/
Ford,2019,https://teknet.etools.org/teknet/Ford/2019/
Ford,2020,https://teknet.etools.org/teknet/Ford/2020/
Ford,2021,https://teknet.etools.org/teknet/Ford/2021/
Ford,2022,https://teknet.etools.org/teknet/Ford/2022/
Ford,2023,https://teknet.etools.org/teknet/Ford/2023/
Ford,2024,https://teknet.etools.org/teknet/Ford/2024/
GM,1987,https://teknet.etools.org/teknet/GM/1987/
GM,1989,https://teknet.etools.org/teknet/GM/1989/
GM,1990,https://teknet.etools.org/teknet/GM/1990/
GM,1991,https://teknet.etools.org/teknet/GM/1991/
GM,1992,https://teknet.etools.org/teknet/GM/1992/
GM,1993,https://teknet.etools.org/teknet/GM/1993/
GM,1994,https://teknet.etools.org/teknet/GM/1994/
GM,1995,https://teknet.etools.org/teknet/GM/1995/
GM,1996,https://teknet.etools.org/teknet/GM/1996/
GM,1997,https://teknet.etools.org/teknet/GM/1997/
GM,2000,https://teknet.etools.org/teknet/GM/2000/
GM,2001,https://teknet.etools.org/teknet/GM/2001/
GM,2002,https://teknet.etools.org/teknet/GM/2002/
GM,2003,https://teknet.etools.org/teknet/GM/2003/
GM,2004,https://teknet.etools.org/teknet/GM/2004/
GM,2006,https://teknet.etools.org/teknet/GM/2006/
GM,2008,https://teknet.etools.org/teknet/GM/2008/
GM,2012,https://teknet.etools.org/teknet/GM/2012/
Hino,2010,https://teknet.etools.org/teknet/Hino/2010/
Hino,2012,https://teknet.etools.org/teknet/Hino/2012/
Hino,2016,https://teknet.etools.org/teknet/Hino%20(License)/2016/
Hino,2018,https://teknet.etools.org/teknet/Hino%20(License)/2018/
Hino,2022,https://teknet.etools.org/teknet/Hino%20(License)/2022/
Honda Acura,1988,https://teknet.etools.org/teknet/Honda%20Acura/1988/
Honda Acura,1990,https://teknet.etools.org/teknet/Honda%20Acura/1990/
Honda Acura,1991,https://teknet.etools.org/teknet/Honda%20Acura/1991/
Honda Acura,1992,https://teknet.etools.org/teknet/Honda%20Acura/1992/
Honda Acura,1994,https://teknet.etools.org/teknet/Honda%20Acura/1994/
Honda Acura,1997,https://teknet.etools.org/teknet/Honda%20Acura/1997/
Honda Acura,2000,https://teknet.etools.org/teknet/Honda%20Acura/2000/
Honda Acura,2004,https://teknet.etools.org/teknet/Honda%20Acura/2004/
Honda Acura,2006,https://teknet.etools.org/teknet/Honda%20Acura/2006/
Honda Acura,2007,https://teknet.etools.org/teknet/Honda%20Acura/2007/
Honda Acura,2009,https://teknet.etools.org/teknet/Honda%20Acura/2009/
Honda Acura,2010,https://teknet.etools.org/teknet/Honda%20Acura/2010/
Honda Acura,2011,https://teknet.etools.org/teknet/Honda%20Acura/2011/
Honda Acura,2012,https://teknet.etools.org/teknet/Honda%20Acura/2012/
Honda Acura,2013,https://teknet.etools.org/teknet/Honda%20Acura/2013/
Honda Acura,2015,https://teknet.etools.org/teknet/Honda%20Acura/2015/
Honda Acura,2019,https://teknet.etools.org/teknet/Honda%20Acura/2019/
Hyundai,2003,https://teknet.etools.org/teknet/Hyundai/2003/
Hyundai,2007,https://teknet.etools.org/teknet/Hyundai/2007/
Hyundai,2011,https://teknet.etools.org/teknet/Hyundai/2011/
Hyundai,2012,https://teknet.etools.org/teknet/Hyundai/2012/
Hyundai,2013,https://teknet.etools.org/teknet/Hyundai/2013/
Hyundai,2014,https://teknet.etools.org/teknet/Hyundai/2014/
Hyundai,2015,https://teknet.etools.org/teknet/Hyundai/2015/
Jaguar-Land Rover,1998,https://teknet.etools.org/teknet/Jaguar-Land%20Rover/1998/
Jaguar-Land Rover,1999,https://teknet.etools.org/teknet/Jaguar-Land%20Rover/1999/
Jaguar-Land Rover,2000,https://teknet.etools.org/teknet/Jaguar-Land%20Rover/2000/
Jaguar-Land Rover,2001,https://teknet.etools.org/teknet/Jaguar-Land%20Rover/2001/
Jaguar-Land Rover,2002,https://teknet.etools.org/teknet/Jaguar-Land%20Rover/2002/
Jaguar-Land Rover,2003,https://teknet.etools.org/teknet/Jaguar-Land%20Rover/2003/
Jaguar-Land Rover,2004,https://teknet.etools.org/teknet/Jaguar-Land%20Rover/2004/
Jaguar-Land Rover,2005,https://teknet.etools.org/teknet/Jaguar-Land%20Rover/2005/
Jaguar-Land Rover,2006,https://teknet.etools.org/teknet/Jaguar-Land%20Rover/2006/
Jaguar-Land Rover,2007,https://teknet.etools.org/teknet/Jaguar-Land%20Rover/2007/
Jaguar-Land Rover,2008,https://teknet.etools.org/teknet/Jaguar-Land%20Rover/2008/
Jaguar-Land Rover,2009,https://teknet.etools.org/teknet/Jaguar-Land%20Rover/2009/
Jaguar-Land Rover,2010,https://teknet.etools.org/teknet/Jaguar-Land%20Rover/2010/
Jaguar-Land Rover,2011,https://teknet.etools.org/teknet/Jaguar-Land%20Rover/2011/
Jaguar-Land Rover,2012,https://teknet.etools.org/teknet/Jaguar-Land%20Rover/2012/
Jaguar-Land Rover,2013,https://teknet.etools.org/teknet/Jaguar-Land%20Rover/2013/
Jaguar-Land Rover,2014,https://teknet.etools.org/teknet/Jaguar-Land%20Rover/2014/
Jaguar-Land Rover,2015,https://teknet.etools.org/teknet/Jaguar-Land%20Rover/2015/
Jaguar-Land Rover,2016,https://teknet.etools.org/teknet/Jaguar-Land%20Rover/2016/
Jaguar-Land Rover,2017,https://teknet.etools.org/teknet/Jaguar-Land%20Rover/2017/
Jaguar-Land Rover,2018,https://teknet.etools.org/teknet/Jaguar-Land%20Rover/2018/
Kia,2002,https://teknet.etools.org/teknet/Kia/2002/
Kia,2003,https://teknet.etools.org/teknet/Kia/2003/
Kia,2007,https://teknet.etools.org/teknet/Kia/2007/
Kia,2008,https://teknet.etools.org/teknet/Kia/2008/
Kia,2009,https://teknet.etools.org/teknet/Kia/2009/
Kia,2010,https://teknet.etools.org/teknet/Kia/2010/
Kia,2011,https://teknet.etools.org/teknet/Kia/2011/
Kia,2012,https://teknet.etools.org/teknet/Kia/2012/
Kia,2013,https://teknet.etools.org/teknet/Kia/2013/
Kia,2014,https://teknet.etools.org/teknet/Kia/2014/
Kia,2015,https://teknet.etools.org/teknet/Kia/2015/
Mazda,1988,https://teknet.etools.org/teknet/Mazda/1988/
Mazda,1989,https://teknet.etools.org/teknet/Mazda/1989/
Mazda,1990,https://teknet.etools.org/teknet/Mazda/1990/
Mazda,1991,https://teknet.etools.org/teknet/Mazda/1991/
Mazda,1992,https://teknet.etools.org/teknet/Mazda/1992/
Mazda,1993,https://teknet.etools.org/teknet/Mazda/1993/
Mazda,1994,https://teknet.etools.org/teknet/Mazda/1994/
Mazda,1996,https://teknet.etools.org/teknet/Mazda/1996/
Mazda,1997,https://teknet.etools.org/teknet/Mazda/1997/
Mazda,1998,https://teknet.etools.org/teknet/Mazda/1998/
Mazda,1999,https://teknet.etools.org/teknet/Mazda/1999/
Mazda,2000,https://teknet.etools.org/teknet/Mazda/2000/
Mazda,2001,https://teknet.etools.org/teknet/Mazda/2001/
Mazda,2002,https://teknet.etools.org/teknet/Mazda/2002/
Mazda,2003,https://teknet.etools.org/teknet/Mazda/2003/
Mazda,2004,https://teknet.etools.org/teknet/Mazda/2004/
Mazda,2005,https://teknet.etools.org/teknet/Mazda/2005/
Mazda,2006,https://teknet.etools.org/teknet/Mazda/2006/
Mazda,2007,https://teknet.etools.org/teknet/Mazda/2007/
Mazda,2008,https://teknet.etools.org/teknet/Mazda/2008/
Mazda,2009,https://teknet.etools.org/teknet/Mazda/2009/
Mazda,2010,https://teknet.etools.org/teknet/Mazda/2010/
Mazda,2011,https://teknet.etools.org/teknet/Mazda/2011/
Mazda,2012,https://teknet.etools.org/teknet/Mazda/2012/
Mazda,2013,https://teknet.etools.org/teknet/Mazda/2013/
Mazda,2014,https://teknet.etools.org/teknet/Mazda/2014/
Mazda,2015,https://teknet.etools.org/teknet/Mazda/2015/
Mazda,2016,https://teknet.etools.org/teknet/Mazda/2016/
Mazda,2017,https://teknet.etools.org/teknet/Mazda/2017/
Mazda,2018,https://teknet.etools.org/teknet/Mazda/2018/
Mazda,2019,https://teknet.etools.org/teknet/Mazda/2019/
Mazda,2020,https://teknet.etools.org/teknet/Mazda/2020/
Mazda,2021,https://teknet.etools.org/teknet/Mazda/2021/
Mazda,2022,https://teknet.etools.org/teknet/Mazda/2022/
Mazda,2023,https://teknet.etools.org/teknet/Mazda/2023/
Mazda,2024,https://teknet.etools.org/teknet/Mazda/2024/
Mercedes-Benz,1990,https://teknet.etools.org/teknet/Mercedes-Benz/1990/
Mercedes-Benz,1991,https://teknet.etools.org/teknet/Mercedes-Benz/1991/
Mercedes-Benz,1992,https://teknet.etools.org/teknet/Mercedes-Benz/1992/
Mercedes-Benz,1993,https://teknet.etools.org/teknet/Mercedes-Benz/1993/
Mercedes-Benz,1996,https://teknet.etools.org/teknet/Mercedes-Benz/1996/
Mercedes-Benz,1997,https://teknet.etools.org/teknet/Mercedes-Benz/1997/
Mercedes-Benz,1999,https://teknet.etools.org/teknet/Mercedes-Benz/1999/
Mercedes-Benz,2000,https://teknet.etools.org/teknet/Mercedes-Benz/2000/
Mercedes-Benz,2001,https://teknet.etools.org/teknet/Mercedes-Benz/2001/
Mercedes-Benz,2003,https://teknet.etools.org/teknet/Mercedes-Benz/2003/
Mercedes-Benz,2004,https://teknet.etools.org/teknet/Mercedes-Benz/2004/
Mercedes-Benz,2005,https://teknet.etools.org/teknet/Mercedes-Benz/2005/
Mercedes-Benz,2006,https://teknet.etools.org/teknet/Mercedes-Benz/2006/
Mercedes-Benz,2007,https://teknet.etools.org/teknet/Mercedes-Benz/2007/
Mercedes-Benz,2008,https://teknet.etools.org/teknet/Mercedes-Benz/2008/
Mercedes-Benz,2009,https://teknet.etools.org/teknet/Mercedes-Benz/2009/
Mercedes-Benz,2010,https://teknet.etools.org/teknet/Mercedes-Benz/2010/
Mercedes-Benz,2011,https://teknet.etools.org/teknet/Mercedes-Benz/2011/
Mercedes-Benz,2012,https://teknet.etools.org/teknet/Mercedes-Benz/2012/
Mercedes-Benz,2013,https://teknet.etools.org/teknet/Mercedes-Benz/2013/
Mercedes-Benz,2014,https://teknet.etools.org/teknet/Mercedes-Benz/2014/
Mercedes-Benz,2015,https://teknet.etools.org/teknet/Mercedes-Benz/2015/
Mercedes-Benz,2016,https://teknet.etools.org/teknet/Mercedes-Benz/2016/
Mercedes-Benz,2017,https://teknet.etools.org/teknet/Mercedes-Benz/2017/
Mercedes-Benz,2018,https://teknet.etools.org/teknet/Mercedes-Benz/2018/
Mitsubishi,1988,https://teknet.etools.org/teknet/Mitsubishi/1988/
Mitsubishi,1989,https://teknet.etools.org/teknet/Mitsubishi/1989/
Mitsubishi,1990,https://teknet.etools.org/teknet/Mitsubishi/1990/
Mitsubishi,1992,https://teknet.etools.org/teknet/Mitsubishi/1992/
Mitsubishi,1993,https://teknet.etools.org/teknet/Mitsubishi/1993/
Mitsubishi,1994,https://teknet.etools.org/teknet/Mitsubishi/1994/
Mitsubishi,1996,https://teknet.etools.org/teknet/Mitsubishi/1996/
Mitsubishi,1997,https://teknet.etools.org/teknet/Mitsubishi/1997/
Mitsubishi,1998,https://teknet.etools.org/teknet/Mitsubishi/1998/
Mitsubishi,1999,https://teknet.etools.org/teknet/Mitsubishi/1999/
Mitsubishi,2000,https://teknet.etools.org/teknet/Mitsubishi/2000/
Mitsubishi,2001,https://teknet.etools.org/teknet/Mitsubishi/2001/
Mitsubishi,2002,https://teknet.etools.org/teknet/Mitsubishi/2002/
Mitsubishi,2003,https://teknet.etools.org/teknet/Mitsubishi/2003/
Mitsubishi,2004,https://teknet.etools.org/teknet/Mitsubishi/2004/
Mitsubishi,2005,https://teknet.etools.org/teknet/Mitsubishi/2005/
Mitsubishi,2006,https://teknet.etools.org/teknet/Mitsubishi/2006/
Mitsubishi,2007,https://teknet.etools.org/teknet/Mitsubishi/2007/
Mitsubishi,2008,https://teknet.etools.org/teknet/Mitsubishi/2008/
Mitsubishi,2009,https://teknet.etools.org/teknet/Mitsubishi/2009/
Mitsubishi,2010,https://teknet.etools.org/teknet/Mitsubishi/2010/
Mitsubishi,2011,https://teknet.etools.org/teknet/Mitsubishi/2011/
Mitsubishi,2012,https://teknet.etools.org/teknet/Mitsubishi/2012/
Mitsubishi,2013,https://teknet.etools.org/teknet/Mitsubishi/2013/
Mitsubishi,2014,https://teknet.etools.org/teknet/Mitsubishi/2014/
Mitsubishi,2015,https://teknet.etools.org/teknet/Mitsubishi/2015/
Mitsubishi,2016,https://teknet.etools.org/teknet/Mitsubishi/2016/
Mitsubishi,2018,https://teknet.etools.org/teknet/Mitsubishi/2018/
Mitsubishi,2019,https://teknet.etools.org/teknet/Mitsubishi/2019/
Mitsubishi,2020,https://teknet.etools.org/teknet/Mitsubishi/2020/
Mitsubishi,2021,https://teknet.etools.org/teknet/Mitsubishi/2021/
Mitsubishi,2022,https://teknet.etools.org/teknet/Mitsubishi/2022/
Mitsubishi,2023,https://teknet.etools.org/teknet/Mitsubishi/2023/
Mitsubishi Fuso,2010,https://teknet.etools.org/teknet/Mitsubishi%20Fuso/2010/
Nissan Infiniti,1994,https://teknet.etools.org/teknet/Nissan%20Infiniti/1994/
Nissan Infiniti,1996,https://teknet.etools.org/teknet/Nissan%20Infiniti/1996/
Nissan Infiniti,1998,https://teknet.etools.org/teknet/Nissan%20Infiniti/1998/
Nissan Infiniti,2000,https://teknet.etools.org/teknet/Nissan%20Infiniti/2000/
Nissan Infiniti,2004,https://teknet.etools.org/teknet/Nissan%20Infiniti/2004/
Nissan Infiniti,2005,https://teknet.etools.org/teknet/Nissan%20Infiniti/2005/
Nissan Infiniti,2006,https://teknet.etools.org/teknet/Nissan%20Infiniti/2006/
Nissan Infiniti,2008,https://teknet.etools.org/teknet/Nissan%20Infiniti/2008/
Nissan Infiniti,2009,https://teknet.etools.org/teknet/Nissan%20Infiniti/2009/
Nissan Infiniti,2011,https://teknet.etools.org/teknet/Nissan%20Infiniti/2011/
Nissan Infiniti,2012,https://teknet.etools.org/teknet/Nissan%20Infiniti/2012/
Nissan Infiniti,2013,https://teknet.etools.org/teknet/Nissan%20Infiniti/2013/
Nissan Infiniti,2014,https://teknet.etools.org/teknet/Nissan%20Infiniti/2014/
Nissan Infiniti,2015,https://teknet.etools.org/teknet/Nissan%20Infiniti/2015/
Nissan Infiniti,2016,https://teknet.etools.org/teknet/Nissan%20Infiniti/2016/
Nissan Infiniti,2017,https://teknet.etools.org/teknet/Nissan%20Infiniti/2017/
Nissan Infiniti,2018,https://teknet.etools.org/teknet/Nissan%20Infiniti/2018/
Nissan Infiniti,2019,https://teknet.etools.org/teknet/Nissan%20Infiniti/2019/
Nissan Infiniti,2020,https://teknet.etools.org/teknet/Nissan%20Infiniti/2020/
Subaru,1988,https://teknet.etools.org/teknet/Subaru/1988/
Subaru,1990,https://teknet.etools.org/teknet/Subaru/1990/
Subaru,1991,https://teknet.etools.org/teknet/Subaru/1991/
Subaru,1992,https://teknet.etools.org/teknet/Subaru/1992/
Subaru,1993,https://teknet.etools.org/teknet/Subaru/1993/
Subaru,1994,https://teknet.etools.org/teknet/Subaru/1994/
Subaru,1996,https://teknet.etools.org/teknet/Subaru/1996/
Subaru,1997,https://teknet.etools.org/teknet/Subaru/1997/
Subaru,1999,https://teknet.etools.org/teknet/Subaru/1999/
Subaru,2003,https://teknet.etools.org/teknet/Subaru/2003/
Subaru,2004,https://teknet.etools.org/teknet/Subaru/2004/
Subaru,2005,https://teknet.etools.org/teknet/Subaru/2005/
Subaru,2006,https://teknet.etools.org/teknet/Subaru/2006/
Subaru,2008,https://teknet.etools.org/teknet/Subaru/2008/
Subaru,2009,https://teknet.etools.org/teknet/Subaru/2009/
Subaru,2010,https://teknet.etools.org/teknet/Subaru/2010/
Subaru,2011,https://teknet.etools.org/teknet/Subaru/2011/
Subaru,2012,https://teknet.etools.org/teknet/Subaru/2012/
Subaru,2014,https://teknet.etools.org/teknet/Subaru/2014/
Subaru,2015,https://teknet.etools.org/teknet/Subaru/2015/
Subaru,2016,https://teknet.etools.org/teknet/Subaru/2016/
Subaru,2017,https://teknet.etools.org/teknet/Subaru/2017/
Subaru,2019,https://teknet.etools.org/teknet/Subaru/2019/
Suzuki,1999,https://teknet.etools.org/teknet/Suzuki/1999/
Suzuki,2000,https://teknet.etools.org/teknet/Suzuki/2000/
Suzuki,2002,https://teknet.etools.org/teknet/Suzuki/2002/
Suzuki,2003,https://teknet.etools.org/teknet/Suzuki/2003/
Suzuki,2004,https://teknet.etools.org/teknet/Suzuki/2004/
Suzuki,2007,https://teknet.etools.org/teknet/Suzuki/2007/
Suzuki,2008,https://teknet.etools.org/teknet/Suzuki/2008/
Suzuki,2009,https://teknet.etools.org/teknet/Suzuki/2009/
Suzuki,2010,https://teknet.etools.org/teknet/Suzuki/2010/
Suzuki,2011,https://teknet.etools.org/teknet/Suzuki/2011/
Tech Week,2000,https://teknet.etools.org/teknet/Tech%20Week/2000/
Tech Week,2001,https://teknet.etools.org/teknet/Tech%20Week/2001/
Tech Week,2002,https://teknet.etools.org/teknet/Tech%20Week/2002/
Tech Week,2003,https://teknet.etools.org/teknet/Tech%20Week/2003/
Tech Week,2004,https://teknet.etools.org/teknet/Tech%20Week/2004/
Tech Week,2005,https://teknet.etools.org/teknet/Tech%20Week/2005/
Tech Week,2006,https://teknet.etools.org/teknet/Tech%20Week/2006/
Tech Week,2007,https://teknet.etools.org/teknet/Tech%20Week/2007/
Tech Week,2008,https://teknet.etools.org/teknet/Tech%20Week/2008/
Tech Week,2009,https://teknet.etools.org/teknet/Tech%20Week/2009/
Tech Week,2010,https://teknet.etools.org/teknet/Tech%20Week/2010/
Tech Week,2011,https://teknet.etools.org/teknet/Tech%20Week/2011/
Tech Week,2012,https://teknet.etools.org/teknet/Tech%20Week/2012/
Tech Week,2013,https://teknet.etools.org/teknet/Tech%20Week/2013/
Tech Week,2014,https://teknet.etools.org/teknet/Tech%20Week/2014/
Tech Week,2015,https://teknet.etools.org/teknet/Tech%20Week/2015/
Tech Week,2016,https://teknet.etools.org/teknet/Tech%20Week/2016/
Tech Week,2017,https://teknet.etools.org/teknet/Tech%20Week/2017/
Tech Week,2019,https://teknet.etools.org/teknet/Tech%20Week/2019/
Tech Week,2021,https://teknet.etools.org/teknet/Tech%20Week/2021/
VW-Audi,1989,https://teknet.etools.org/teknet/VW-Audi/1989/
VW-Audi,1997,https://teknet.etools.org/teknet/VW-Audi/1997/
VW-Audi,1998,https://teknet.etools.org/teknet/VW-Audi/1998/
VW-Audi,2001,https://teknet.etools.org/teknet/VW-Audi/2001/
VW-Audi,2002,https://teknet.etools.org/teknet/VW-Audi/2002/
VW-Audi,2003,https://teknet.etools.org/teknet/VW-Audi/2003/
VW-Audi,2004,https://teknet.etools.org/teknet/VW-Audi/2004/
VW-Audi,2005,https://teknet.etools.org/teknet/VW-Audi/2005/
VW-Audi,2006,https://teknet.etools.org/teknet/VW-Audi/2006/
VW-Audi,2007,https://teknet.etools.org/teknet/VW-Audi/2007/
VW-Audi,2008,https://teknet.etools.org/teknet/VW-Audi/2008/
VW-Audi,2009,https://teknet.etools.org/teknet/VW-Audi/2009/
VW-Audi,2010,https://teknet.etools.org/teknet/VW-Audi/2010/
VW-Audi,2011,https://teknet.etools.org/teknet/VW-Audi/2011/
VW-Audi,2012,https://teknet.etools.org/teknet/VW-Audi/2012/
VW-Audi,2013,https://teknet.etools.org/teknet/VW-Audi/2013/
VW-Audi,2014,https://teknet.etools.org/teknet/VW-Audi/2014/
VW-Audi,2015,https://teknet.etools.org/teknet/VW-Audi/2015/
VW-Audi,2016,https://teknet.etools.org/teknet/VW-Audi/2016/
VW-Audi,2017,https://teknet.etools.org/teknet/VW-Audi/2017/
VW-Audi,2018,https://teknet.etools.org/teknet/VW-Audi/2018/
VW-Audi,2019,https://teknet.etools.org/teknet/VW-Audi/2019/
VW-Audi,2020,https://teknet.etools.org/teknet/VW-Audi/2020/
VW-Audi,2021,https://teknet.etools.org/teknet/VW-Audi/2021/
VW-Audi,2022,https://teknet.etools.org/teknet/VW-Audi/2022/
VW-Audi,2023,https://teknet.etools.org/teknet/VW-Audi/2023/
VW-Audi,2024,https://teknet.etools.org/teknet/VW-Audi/2024/
Volvo,2003,https://teknet.etools.org/teknet/Volvo/2003/
Volvo,2004,https://teknet.etools.org/teknet/Volvo/2004/
Volvo,2005,https://teknet.etools.org/teknet/Volvo/2005/
Volvo,2007,https://teknet.etools.org/teknet/Volvo/2007/
Volvo,2008,https://teknet.etools.org/teknet/Volvo/2008/
Volvo,2009,https://teknet.etools.org/teknet/Volvo/2009/
Volvo,2012,https://teknet.etools.org/teknet/Volvo/2012/
