product_area,sub_product_area,signal_name,default_priority,metric_name,type,definition_table,value_min,value_max,delta_min,delta_max,delta_velocity_min,delta_velocity_max,documentation_link,obd_value,metric_table,metric_column,exported_to_data_lake,is_applicable_ice,is_applicable_hydrogen,is_applicable_hybrid,is_applicable_phev,is_applicable_bev,is_applicable_unknown
Vehicle Diagnostics,General Information,Air Temperature,3,air_temp_milli_c,air_temp_milli_c,,-272984.375000,1734953.125000,,,,,,16,kinesisstats.osdenginegauge,value.proto_value.engine_gauge_event.air_temp_milli_c,True,True,True,True,True,False,False
Vehicle Diagnostics,Maintenance,12V Battery Voltage - Diagnostic,1000,battery_milli_v,battery_milli_v,,0.000000,3276725.000000,,,,,,18,kinesisstats.osdenginegauge,value.proto_value.engine_gauge_event.battery_milli_v,True,True,True,True,True,True,True
Vehicle Diagnostics,General Information,Engine Coolant Temperature,3,coolant_temp_milli_c,coolant_temp_milli_c,,-39500.000000,214500.000000,,,,,,19,kinesisstats.osdenginegauge,value.proto_value.engine_gauge_event.coolant_temp_milli_c,True,True,False,True,True,False,False
Vehicle Diagnostics,General Information,Engine Load,3,engine_load_percent,engine_load_percent,,0.000000,127.250000,,,,,,20,kinesisstats.osdenginegauge,value.proto_value.engine_gauge_event.engine_load_percent,True,True,True,True,True,False,False
Vehicle Diagnostics,General Information,Engine RPM,3,engine_rpm,engine_rpm,,0.000000,16383.625000,,,,,,22,kinesisstats.osdenginegauge,value.proto_value.engine_gauge_event.engine_rpm,True,True,True,True,True,False,False
Vehicle Diagnostics,Fuel and Energy,Fuel Level,1,fuel_level_percent,fuel_level_percent,,0.000000,100.000000,-10.000000,10.000000,,,https://samsara.atlassian-us-gov-mod.net/wiki/spaces/RD/pages/4621773/VDP+Fuel+Consumption,5,kinesisstats.osdenginegauge,value.proto_value.engine_gauge_event.fuel_level_percent,True,True,True,True,True,False,False
Vehicle Diagnostics,General Information,Oil Pressure,3,oil_pressure_k_pa,oil_pressure_k_pa,,0.000000,998.000000,,,,,,151,kinesisstats.osdenginegauge,value.proto_value.engine_gauge_event.oil_pressure_k_pa,True,True,False,True,True,False,False
Vehicle Diagnostics,Tire Pressure Monitoring,Tire Pressure Back Left,3,tire_pressure_back_left_k_pa,tire_pressure_back_left_k_pa,,,,,,,,,25,kinesisstats.osdenginegauge,value.proto_value.engine_gauge_event.tire_pressure_back_left_k_pa,True,True,True,True,True,True,True
Vehicle Diagnostics,Tire Pressure Monitoring,Tire Pressure Back Right,3,tire_pressure_back_right_k_pa,tire_pressure_back_right_k_pa,,,,,,,,,26,kinesisstats.osdenginegauge,value.proto_value.engine_gauge_event.tire_pressure_back_right_k_pa,True,True,True,True,True,True,True
Vehicle Diagnostics,Tire Pressure Monitoring,Tire Pressure Front Left,3,tire_pressure_front_left_k_pa,tire_pressure_front_left_k_pa,,,,,,,,,23,kinesisstats.osdenginegauge,value.proto_value.engine_gauge_event.tire_pressure_front_left_k_pa,True,True,True,True,True,True,True
Vehicle Diagnostics,Tire Pressure Monitoring,Tire Pressure Front Right,3,tire_pressure_front_right_k_pa,tire_pressure_front_right_k_pa,,,,,,,,,24,kinesisstats.osdenginegauge,value.proto_value.engine_gauge_event.tire_pressure_front_right_k_pa,True,True,True,True,True,True,True
Vehicle Diagnostics,General Information,Manifold Temperature,50,manifold_temp_milli_c,manifold_temp_milli_c,,-39500.000000,214500.000000,,,,,,21,kinesisstats.osdenginegauge,value.proto_value.engine_gauge_event.mnfld_temp_milli_c,True,True,True,True,True,False,False
Vehicle Diagnostics,General Information,Engine Time Since Ignition,50,engine_on_secs,engine_on_secs,,0.500000,65534.500000,,,,,,52,kinesisstats.osdenginegauge,value.proto_value.engine_gauge_event.engine_on_secs,True,True,True,True,True,True,True
Vehicle Diagnostics,General Information,Soot Load,3,at1_dpf_soot_load_percent,at1_dpf_soot_load_percent,,0.000000,250.000000,,,,,,,kinesisstats.osdat1dpfsootloadpercent,value.int_value,True,True,True,True,True,False,False
Vehicle Diagnostics,Eco Driving,Coasting - Torque Based,1,coasting_time_torque_based_ignoring_brake,coasting_time_torque_based_ignoring_brake,,0.000000,600000.000000,,,,,https://samsara.atlassian-us-gov-mod.net/wiki/spaces/RD/pages/5818493/VDP+EcoDriving,,kinesisstats.osdcoastingtimetorquebasedignoringbrakems,value.int_value,True,True,False,False,False,False,False
Vehicle Diagnostics,Maintenance,Diesel Exhaust Fluid Level,1,def_tank_level_milli_percent,def_tank_level_milli_percent,,400.000000,100000.000000,0.000000,10000.000000,,,,,kinesisstats.osddeftanklevelmillipercent,value.int_value,True,True,False,False,False,False,False
Vehicle Diagnostics,Eco Driving,Engine Torque Over Limit,1,delta_accel_engine_torque_over_limit,delta_accel_engine_torque_over_limit,,0.000000,600000.000000,,,,,https://samsara.atlassian-us-gov-mod.net/wiki/spaces/RD/pages/5818493/VDP+EcoDriving,,kinesisstats.osddeltaaccelenginetorqueoverlimitms,value.int_value,True,True,True,True,True,True,True
Vehicle Diagnostics,Eco Driving,Engine Torque Over Limit w/ CC,1,delta_accel_engine_torque_over_limit_while_not_on_cruise_control,delta_accel_engine_torque_over_limit_while_not_on_cruise_control,,0.000000,600000.000000,,,,,https://samsara.atlassian-us-gov-mod.net/wiki/spaces/RD/pages/5818493/VDP+EcoDriving,,kinesisstats.osddeltaaccelenginetorqueoverlimitwhilenotoncruisecontrolms,value.int_value,True,True,True,True,True,True,True
Vehicle Diagnostics,Eco Driving,Accelerator over 95%,50,delta_accelerator_pedal_time_greater_than_95_percent,delta_accelerator_pedal_time_greater_than_95_percent,,0.000000,600000.000000,,,,,https://samsara.atlassian-us-gov-mod.net/wiki/spaces/RD/pages/5818493/VDP+EcoDriving,,kinesisstats.osddeltaacceleratorpedaltimegreaterthan95percentms,value.int_value,True,True,True,True,True,True,True
Vehicle Diagnostics,Eco Driving,Anticipation Braking,1,delta_anticipation_brake_events,delta_anticipation_brake_events,,0.000000,600000.000000,,,,,https://samsara.atlassian-us-gov-mod.net/wiki/spaces/RD/pages/5818493/VDP+EcoDriving,,kinesisstats.osddeltaanticipationbrakeevents,value.int_value,True,True,True,True,True,True,True
Vehicle Diagnostics,Eco Driving,Coasting - Delta,1,delta_coasting_time,delta_coasting_time,,0.000000,600000.000000,,,,,https://samsara.atlassian-us-gov-mod.net/wiki/spaces/RD/pages/5818493/VDP+EcoDriving,,kinesisstats.osddeltacoastingtimems,value.int_value,True,True,True,True,True,True,True
Vehicle Diagnostics,Eco Driving,Coasting w/ CC + Torque,1,delta_coasting_time_torque_based_while_not_on_cruise_control,delta_coasting_time_torque_based_while_not_on_cruise_control,,0.000000,600000.000000,,,,,https://samsara.atlassian-us-gov-mod.net/wiki/spaces/RD/pages/5818493/VDP+EcoDriving,,kinesisstats.osddeltacoastingtimetorquebasedwhilenotoncruisecontrolms,value.int_value,True,True,True,True,True,True,True
Vehicle Diagnostics,Eco Driving,Coasting w/ CC,1,delta_coasting_time_while_not_on_cruise_control,delta_coasting_time_while_not_on_cruise_control,,0.000000,600000.000000,,,,,https://samsara.atlassian-us-gov-mod.net/wiki/spaces/RD/pages/5818493/VDP+EcoDriving,,kinesisstats.osddeltacoastingtimewhilenotoncruisecontrolms,value.int_value,True,True,True,True,True,True,True
Vehicle Diagnostics,Eco Driving,Cruise Control,1,delta_cruise_control,delta_cruise_control,,0.000000,600000.000000,,,,,https://samsara.atlassian-us-gov-mod.net/wiki/spaces/RD/pages/5818493/VDP+EcoDriving,,kinesisstats.osddeltacruisecontrolms,value.int_value,True,True,True,True,True,True,True
Vehicle Diagnostics,Electric Vehicles,Charging Energy,50,delta_ev_charging_energy,delta_ev_charging_energy,,,,,,,,https://samsara.atlassian-us-gov-mod.net/wiki/spaces/RD/pages/5695980/VDP+Electric+Vehicles,,kinesisstats.osddeltaevchargingenergymicrowh,value.int_value,True,False,False,False,True,True,False
Vehicle Diagnostics,Electric Vehicles,Distance Driven on Electric,1,delta_ev_distance_driven_on_electric_power,delta_ev_distance_driven_on_electric_power,,,,,,,,https://samsara.atlassian-us-gov-mod.net/wiki/spaces/RD/pages/5695980/VDP+Electric+Vehicles,,kinesisstats.osddeltaevdistancedrivenonelectricpowermeters,value.int_value,True,False,False,True,True,True,False
Vehicle Diagnostics,Electric Vehicles,Consumed Energy,1,delta_ev_energy_consumed,delta_ev_energy_consumed,,,,,,,,https://samsara.atlassian-us-gov-mod.net/wiki/spaces/RD/pages/5695980/VDP+Electric+Vehicles,,kinesisstats.osddeltaevenergyconsumedmicrowh,value.int_value,True,False,False,True,True,True,False
Vehicle Diagnostics,Electric Vehicles,Regenerated Energy,50,delta_ev_total_energy_regenerated_while_driving,delta_ev_total_energy_regenerated_while_driving,,,,,,,,https://samsara.atlassian-us-gov-mod.net/wiki/spaces/RD/pages/5695980/VDP+Electric+Vehicles,,kinesisstats.osddeltaevtotalenergyregeneratedwhiledrivingmicrowh,value.int_value,True,False,False,True,True,True,False
Vehicle Diagnostics,Fuel and Energy,Fuel Consumption - Liquid,1,delta_fuel_consumed,delta_fuel_consumed,,0.000000,100000.000000,,,,,https://samsara.atlassian-us-gov-mod.net/wiki/spaces/RD/pages/4621773/VDP+Fuel+Consumption,,kinesisstats.osddeltafuelconsumed,value.int_value,True,True,True,True,True,False,False
Telematics Platform,GPS,GPS Distance Travelled,50,delta_gps_distance,delta_gps_distance,,,,,,,,,,kinesisstats.osddeltagpsdistance,value.double_value,True,True,True,True,True,True,True
Vehicle Diagnostics,Eco Driving,RPM Green Band,1,delta_rpm_green_band,delta_rpm_green_band,,0.000000,600000.000000,,,,,https://samsara.atlassian-us-gov-mod.net/wiki/spaces/RD/pages/5818493/VDP+EcoDriving,,kinesisstats.osddeltarpmgreenbandms,value.int_value,True,True,True,True,True,False,True
Vehicle Diagnostics,US Compliance,Engine Runtime Derived,50,derived_engine_seconds_from_ignition_cycle,derived_engine_seconds_from_ignition_cycle,,,,,,,,,,kinesisstats.osdderivedenginesecondsfromignitioncycle,value.int_value,True,True,True,True,True,True,True
Vehicle Diagnostics,US Compliance,Vehicle Speed,1,engine_milli_knots,engine_milli_knots,,0.000000,137420.000000,,,-20276.000000,20276.000000,,34,kinesisstats.osdenginemilliknots,value.int_value,True,True,True,True,True,True,True
Vehicle Diagnostics,US Compliance,Total Engine Runtime,1,engine_seconds,engine_seconds,,0.000000,773094113010.000000,0.000000,20000.000000,,,,157,kinesisstats.osdengineseconds,value.int_value,True,True,True,True,True,True,True
Vehicle Diagnostics,US Compliance,Engine State,1,engine_state,engine_state,,0.000000,2.000000,,,,,https://samsara.atlassian-us-gov-mod.net/wiki/spaces/RD/pages/5279935/VDP+Engine+State,,kinesisstats.osdenginestate,value.int_value,True,True,True,True,True,True,True
Vehicle Diagnostics,US Compliance,Engine Activity Method,50,engine_activity_method,engine_activity_method,,,,,,,,,,kinesisstats_history.osdengineactivitymethod,value.int_value,True,True,True,True,True,True,True
Vehicle Diagnostics,Electric Vehicles,Average Cell Temperature,50,ev_average_cell_temperature,ev_average_cell_temperature,,,,,,,,https://samsara.atlassian-us-gov-mod.net/wiki/spaces/RD/pages/5695980/VDP+Electric+Vehicles,,kinesisstats.osdevaveragecelltemperaturemillicelsius,value.int_value,True,False,False,True,True,True,False
Vehicle Diagnostics,Electric Vehicles,Charger Current,50,ev_charger_milli_amp,ev_charger_milli_amp,,,,,,,,https://samsara.atlassian-us-gov-mod.net/wiki/spaces/RD/pages/5695980/VDP+Electric+Vehicles,,kinesisstats.osdevchargermilliamp,value.int_value,True,False,False,False,True,True,False
Vehicle Diagnostics,Electric Vehicles,Charger Voltage,50,ev_charger_milli_volt,ev_charger_milli_volt,,,,,,,,https://samsara.atlassian-us-gov-mod.net/wiki/spaces/RD/pages/5695980/VDP+Electric+Vehicles,,kinesisstats.osdevchargermillivolt,value.int_value,True,False,False,False,True,True,False
Vehicle Diagnostics,Electric Vehicles,Charging Status,1,ev_charging_status,ev_charging_status,,0.000000,2.000000,,,,,https://samsara.atlassian-us-gov-mod.net/wiki/spaces/RD/pages/5695980/VDP+Electric+Vehicles,,kinesisstats.osdevchargingstatus,value.int_value,True,False,False,False,True,True,False
Vehicle Diagnostics,Electric Vehicles,Charger Type,50,ev_charging_type,ev_charging_type,,,,,,,,https://samsara.atlassian-us-gov-mod.net/wiki/spaces/RD/pages/5695980/VDP+Electric+Vehicles,,kinesisstats.osdevchargingtype,value.int_value,True,False,False,False,True,True,False
Vehicle Diagnostics,Electric Vehicles,High Capacity Battery Current,50,ev_high_capacity_battery_milli_amp,ev_high_capacity_battery_milli_amp,,,,,,,,https://samsara.atlassian-us-gov-mod.net/wiki/spaces/RD/pages/5695980/VDP+Electric+Vehicles,,kinesisstats.osdevhighcapacitybatterymilliamp,value.int_value,True,False,False,True,True,True,False
Vehicle Diagnostics,Electric Vehicles,High Capacity Battery Voltage,50,ev_high_capacity_battery_milli_volt,ev_high_capacity_battery_milli_volt,,,,,,,,https://samsara.atlassian-us-gov-mod.net/wiki/spaces/RD/pages/5695980/VDP+Electric+Vehicles,,kinesisstats.osdevhighcapacitybatterymillivolt,value.int_value,True,False,False,True,True,True,False
Vehicle Diagnostics,Electric Vehicles,Battery State of Health,1,ev_high_capacity_battery_state_of_health,ev_high_capacity_battery_state_of_health,,0.000000,100000.000000,,,,,https://samsara.atlassian-us-gov-mod.net/wiki/spaces/RD/pages/5695980/VDP+Electric+Vehicles,,kinesisstats.osdevhighcapacitybatterystateofhealthmillipercent,value.int_value,True,False,False,True,True,True,False
Vehicle Diagnostics,Electric Vehicles,AC Wall Charger Energy Consumed,50,ev_last_charge_ac_wall_energy_consumed,ev_last_charge_ac_wall_energy_consumed,,,,,,,,https://samsara.atlassian-us-gov-mod.net/wiki/spaces/RD/pages/5695980/VDP+Electric+Vehicles,,kinesisstats.osdevlastchargeacwallenergyconsumedwh,value.int_value,True,False,False,True,True,True,False
Vehicle Diagnostics,Electric Vehicles,State of Charge,1,ev_usable_state_of_charge_milli_percent,ev_usable_state_of_charge_milli_percent,,0.000000,100000.000000,,,,,https://samsara.atlassian-us-gov-mod.net/wiki/spaces/RD/pages/5695980/VDP+Electric+Vehicles,,kinesisstats.osdevusablestateofchargemillipercent,value.int_value,True,False,False,True,True,True,False
Vehicle Diagnostics,Fuel and Energy,Type,50,fuel_type,fuel_type,definitions.fuel_types,0.000000,254.500000,,,,,https://samsara.atlassian-us-gov-mod.net/wiki/spaces/RD/pages/4621773/VDP+Fuel+Consumption,,kinesisstats.osdfueltype,value.int_value,True,True,True,True,True,True,True
Vehicle Diagnostics,Eco Driving,Vehicle Weight,50,j1939_cvw_gross_combination_vehicle_weight,j1939_cvw_gross_combination_vehicle_weight,,0.000000,655300.000000,,,,,https://samsara.atlassian-us-gov-mod.net/wiki/spaces/RD/pages/5818493/VDP+EcoDriving,,kinesisstats.osdj1939cvwgrosscombinationvehicleweightkilograms,value.int_value,True,True,True,True,True,True,True
Vehicle Diagnostics,Device Dimensions,Diagnostic Cable,50,obd_cable_id,obd_cable_id,definitions.product_to_cables,,,,,,,,,kinesisstats.osdobdcableid,value.int_value,True,True,True,True,True,True,True
Vehicle Diagnostics,US Compliance,Odometer,1,odometer,odometer,,1.000000,691206266573.000000,0.000000,1000000.000000,0.000000,200.000000,https://samsara.atlassian-us-gov-mod.net/wiki/spaces/RD/pages/5715439/VDP+Odometer,1,kinesisstats.osdodometer,value.int_value,True,True,True,True,True,True,True
Vehicle Diagnostics,Fuel and Energy,Power Take Off,2,power_take_off,power_take_off,,1.000000,2.000000,,,,,https://samsara.atlassian-us-gov-mod.net/wiki/spaces/RD/pages/5773902/PTO+Status,,kinesisstats.osdpowertakeoff,value.int_value,True,True,True,True,True,True,False
Vehicle Diagnostics,Safety,Seatbelt Driver,2,seat_belt_driver,seat_belt_driver,,0.000000,2.000000,,,,,,6,kinesisstats.osdseatbeltdriver,value.int_value,True,True,True,True,True,True,True
Vehicle Diagnostics,Maintenance,Diesel Particulate Fluid Lamp Status,1,dpf_lamp_status,dpf_lamp_status,,,,,,,,,,kinesisstats.osddpflampstatus,value.int_value,True,True,False,False,False,False,False
Vehicle Diagnostics,General Information,Door Lock Status,1000,door_lock_status,door_lock_status,definitions.door_lock_status,1.000000,2.000000,,,,,,,kinesisstats.osddoorlockstatus,value.int_value,True,True,True,True,True,True,True
Vehicle Diagnostics,General Information,Door Open Status,1000,door_open_status,door_open_status,definitions.door_open_status,1.000000,2.000000,,,,,,,kinesisstats.osddooropenstatus,value.int_value,True,True,True,True,True,True,True
Vehicle Diagnostics,General Information,Current Gear Selected,50,vehicle_current_gear,vehicle_current_gear,,-125.000000,126.500000,,,,,,,kinesisstats.osdvehiclecurrentgear,value.int_value,True,True,True,True,True,False,False
Vehicle Diagnostics,Maintenance,Tell Tale Status,1,tell_tale_status,tell_tale_status,,,,,,,,,,kinesisstats.osdtelltalestatus,value.int_value,True,True,True,True,True,True,True
Vehicle Diagnostics,General Information,Turn Signal Switch State,1000,j1939_oel_turn_signal_switch_state,j1939_oel_turn_signal_switch_state,,0.000000,2.000000,,,,,,,kinesisstats.osdj1939oelturnsignalswitchstate,value.int_value,True,True,True,True,True,True,True
Vehicle Diagnostics,General Information,Left Turn Signal,1000,left_turn_signal,left_turn_signal,,0.000000,1.000000,,,,,,,kinesisstats.osdj1939lcmdleftturnsignallightscommandstate,value.int_value,True,True,True,True,True,True,True
Vehicle Diagnostics,General Information,Right Turn Signal,1000,right_turn_signal,right_turn_signal,,0.000000,1.000000,,,,,,,kinesisstats.osdj1939lcmdrightturnsignallightscommandstate,value.int_value,True,True,True,True,True,True,True
Vehicle Diagnostics,General Information,Reverse Direction Switch,1000,reverse_direction,reverse_direction,,0.000000,1.000000,,,,,,,kinesisstats.osdj1939etc5transmissionreversedirectionswitchstate,value.int_value,True,True,True,True,True,True,True
Vehicle Diagnostics,General Information,Direction Indicator,1000,direction_indicator,direction_indicator,,0.000000,1.000000,,,,,,,kinesisstats.osdj1939tco1directionindicatorstate,value.int_value,True,True,True,True,True,True,True
Vehicle Diagnostics,General Information,Steering Wheel Angle,1000,steering_wheel_angle,steering_wheel_angle,,,,,,,,,,kinesisstats.osdj1939vdc2steeringwheelanglepicorad,value.int_value,True,True,True,True,True,True,True
Vehicle Diagnostics,General Information,Yaw Rate,1000,yaw_rate,yaw_rate,,,,,,,,,,kinesisstats.osdj1939vdc2yawratefemtoradperseconds,value.int_value,True,True,True,True,True,True,True
Refridgeration Units,General Information,Reefer Active Zones,50,reefer_active_zones,reefer_active_zones,,0.000000,3.000000,,,,,,,kinesisstats.osdreeferactivezones,value.int_value,True,True,True,True,True,True,True
Material Spreader,General Information,Actual Dry Material Spread,50,salt_spreader_actual_spread_rate_dry,salt_spreader_actual_spread_rate_dry,,0.000000,282000.000000,,,,,https://samsara.atlassian-us-gov-mod.net/wiki/spaces/RD/pages/5883646/VDP+Material+Spreader,,kinesisstats.osdsaltspreaderactualspreadratedrymilligramspermeter,value.int_value,True,True,True,True,True,True,True
Material Spreader,General Information,Actual Prewet Material Spread,50,salt_spreader_actual_spread_rate_prewet,salt_spreader_actual_spread_rate_prewet,,0.000000,282000.000000,,,,,https://samsara.atlassian-us-gov-mod.net/wiki/spaces/RD/pages/5883646/VDP+Material+Spreader,,kinesisstats.osdsaltspreaderactualspreadrateprewetmilliliterspermeter,value.int_value,True,True,True,True,True,True,True
Material Spreader,General Information,Actual Wet Spread Rate,50,salt_spreader_actual_spread_rate_wet,salt_spreader_actual_spread_rate_wet,,0.000000,282000.000000,,,,,https://samsara.atlassian-us-gov-mod.net/wiki/spaces/RD/pages/5883646/VDP+Material+Spreader,,kinesisstats.osdsaltspreaderactualspreadratewetmilliliterspermeter,value.int_value,True,True,True,True,True,True,True
Vehicle Diagnostics,General Information,Air Inlet Pressure,50,air_inlet_pressure,air_inlet_pressure,,0.000000,499000.000000,,,,,,,kinesisstats.osdairinletpressurepa,value.int_value,True,True,True,True,True,False,False
Vehicle Diagnostics,General Information,Air Inlet Temperature,50,air_inlet_temp_milli_c,air_inlet_temp_milli_c,,-39500.000000,209500.000000,,,,,,55,kinesisstats.osdairinlettempmillic,value.int_value,True,True,True,True,True,False,False
Material Spreader,General Information,Salt Spreader Air Temperature,50,salt_spreader_air_temp_milli_c,salt_spreader_air_temp_milli_c,,-40000.000000,40000.000000,,,,,https://samsara.atlassian-us-gov-mod.net/wiki/spaces/RD/pages/5883646/VDP+Material+Spreader,,kinesisstats.osdsaltspreaderairtempmillic,value.int_value,True,True,True,True,True,True,True
Refridgeration Units,General Information,Reefer Return Air Temperature,50,reefer_return_air_temp_milli_c,reefer_return_air_temp_milli_c,,,,,,,,,,kinesisstats.osdreeferreturnairtempmillic,value.int_value,False,True,True,True,True,True,True
Refridgeration Units,General Information,Reefer Return Air Temperature Zone 2,50,reefer_return_air_temp_milli_c_zone_2,reefer_return_air_temp_milli_c_zone_2,,-38000.000000,70000.000000,,,,,,,kinesisstats.osdreeferreturnairtempmilliczone2,value.int_value,True,True,True,True,True,True,True
Refridgeration Units,General Information,Reefer Return Air Temperature Zone 3,50,reefer_return_air_temp_milli_c_zone_3,reefer_return_air_temp_milli_c_zone_3,,-38000.000000,70000.000000,,,,,,,kinesisstats.osdreeferreturnairtempmilliczone3,value.int_value,True,True,True,True,True,True,True
Refridgeration Units,General Information,Reefer Supply Air Temperature,50,reefer_supply_air_temp_milli_c,reefer_supply_air_temp_milli_c,,,,,,,,,,kinesisstats.osdreefersupplyairtempmillic,value.int_value,True,True,True,True,True,True,True
Refridgeration Units,General Information,Reefer Supply Air Temperature Zone 2,50,reefer_supply_air_temp_milli_c_zone_2,reefer_supply_air_temp_milli_c_zone_2,,,,,,,,,,kinesisstats.osdreefersupplyairtempmilliczone2,value.int_value,True,True,True,True,True,True,True
Refridgeration Units,General Information,Reefer Supply Air Temperature Zone 3,50,reefer_supply_air_temp_milli_c_zone_3,reefer_supply_air_temp_milli_c_zone_3,,,,,,,,,,kinesisstats.osdreefersupplyairtempmilliczone3,value.int_value,True,True,True,True,True,True,True
Vehicle Diagnostics,General Information,Intake Manifold Temperature,50,intake_manifold_temperature_micro_celsius,intake_manifold_temperature_micro_celsius,,-39500000.000000,214500000.000000,,,,,,,kinesisstats.osdintakemanifoldtemperaturemicrocelsius,value.int_value,True,True,True,True,True,False,False
Vehicle Diagnostics,Internal,Internal End,50,obd_internal_start,obd_internal_start,,,,,,,,,,kinesisstats.osdobdinternalstart,value.int_value,True,True,True,True,True,True,True
Vehicle Diagnostics,Internal,Internal Start,50,obd_internal_end,obd_internal_end,,,,,,,,,,kinesisstats.osdobdinternalend,value.int_value,False,True,True,True,True,True,True
Vehicle Diagnostics,General Information,J1939 Component ID,50,j1939_component_id,j1939_component_id,,,,,,,,,,kinesisstats.osdj1939componentid,value.int_value,True,True,True,True,True,True,True
Vehicle Diagnostics,Fuel and Energy,Lifetime Consumption,50,lifetime_fuel_consumed,lifetime_fuel_consumed,,,,,,,,https://samsara.atlassian-us-gov-mod.net/wiki/spaces/RD/pages/4621773/VDP+Fuel+Consumption,,kinesisstats.osdlifetimefuelconsumed,value.int_value,True,True,True,True,True,False,False
Vehicle Diagnostics,General Information,Line to Neutral ARCMS Voltage,50,average_line_to_neutral_ac_rms_milli_volts,average_line_to_neutral_ac_rms_milli_volts,,0.000000,64254500.000000,,,,,,59,kinesisstats.osdaveragelinetoneutralacrmsmillivolts,value.int_value,True,True,True,True,True,False,False
Material Spreader,General Information,Major Event,50,salt_spreader_major_event,salt_spreader_major_event,,0.000000,1.000000,,,,,https://samsara.atlassian-us-gov-mod.net/wiki/spaces/RD/pages/5883646/VDP+Material+Spreader,,kinesisstats.osdsaltspreadermajorevent,value.int_value,True,True,True,True,True,True,True
Refridgeration Units,General Information,Reefer Metadata,50,reefer_command_type,reefer_command_type,,0.000000,12.000000,,,,,,,kinesisstats.osdreefercommandmetadata,value.proto_value.reefer_command_metadata.reefer_command_type,True,True,True,True,True,True,True
Vehicle Diagnostics,General Information,OBD Compliance Standard,50,obd_compliance_standard,obd_compliance_standard,,,,,,,,,,kinesisstats.osdobdcompliancestandard,value.int_value,True,True,True,True,True,True,True
Refridgeration Units,General Information,Reefer On Hours,50,reefer_on_hours,reefer_on_hours,,,,,,,,,,kinesisstats.osdreeferonhours,value.int_value,True,True,True,True,True,True,True
Vehicle Diagnostics,General Information,Phase A RMS,50,phase_a_amps_rms,phase_a_amps_rms,,0.000000,64254.500000,,,,,,,kinesisstats.osdphaseaampsrms,value.int_value,True,False,False,True,True,True,False
Vehicle Diagnostics,General Information,Phase ACC Frequency,50,phase_a_ac_freq_micro_hertz,phase_a_ac_freq_micro_hertz,,0.000000,501988281.300000,,,,,,,kinesisstats.osdphaseaacfreqmicrohertz,value.int_value,True,False,False,True,True,True,False
Vehicle Diagnostics,General Information,Phase ALL Voltage,50,phase_a_ll_volts_rms,phase_a_ll_volts_rms,,0.000000,64254.500000,,,,,,,kinesisstats.osdphaseallvolts,value.int_value,True,False,False,True,True,True,False
Vehicle Diagnostics,General Information,Phase ALN Voltage,50,phase_a_ln_volts,phase_a_ln_volts,,0.000000,64254.500000,,,,,,,kinesisstats.osdphasealnvolts,value.int_value,True,False,False,True,True,True,False
Vehicle Diagnostics,General Information,Phase B RMS,50,phase_b_amps_rms,phase_b_amps_rms,,0.000000,64254.500000,,,,,,,kinesisstats.osdphasebampsrms,value.int_value,True,False,False,True,True,True,False
Vehicle Diagnostics,General Information,Phase BLL Voltage,50,phase_b_ll_volts,phase_b_ll_volts,,0.000000,64254.500000,,,,,,,kinesisstats.osdphasebllvolts,value.int_value,True,False,False,True,True,True,False
Vehicle Diagnostics,General Information,Phase BLN Voltage,50,phase_b_ln_volts,phase_b_ln_volts,,0.000000,64254.500000,,,,,,,kinesisstats.osdphaseblnvolts,value.int_value,True,False,False,True,True,True,False
Vehicle Diagnostics,General Information,Phase C RMS,50,phase_c_amps_rms,phase_c_amps_rms,,0.000000,64254.500000,,,,,,,kinesisstats.osdphasecamprms,value.int_value,False,False,False,True,True,True,False
Vehicle Diagnostics,General Information,Phase CLL Voltage,50,phase_c_ll_volts,phase_c_ll_volts,,0.000000,64254.500000,,,,,,,kinesisstats.osdphasecllvolts,value.int_value,True,False,False,True,True,True,False
Vehicle Diagnostics,General Information,Phase CLN Voltage,50,phase_c_ln_volts,phase_c_ln_volts,,0.000000,64254.500000,,,,,,,kinesisstats.osdphaseclnvolts,value.int_value,True,False,False,True,True,True,False
Vehicle Diagnostics,General Information,Power Factor Ratio,50,power_factor_ratio,power_factor_ratio,,,,,,,,,,kinesisstats.osdpowerfactorratio,value.int_value,True,False,False,True,True,True,False
Vehicle Diagnostics,EU Compliance,VU Download,50,tachograph_vu_download,tachograph_vu_download,,,,,,,,https://samsara.atlassian-us-gov-mod.net/wiki/spaces/RD/pages/4621773/VDP+Fuel+Consumption,,kinesisstats.osdtachographvudownload,value.int_value,True,True,True,True,True,True,True
Material Spreader,General Information,Dry Material Spread,50,salt_spreader_quantity_spread_dry,salt_spreader_quantity_spread_dry,,0.000000,999999999999.000000,0.000000,999999999999.000000,,,https://samsara.atlassian-us-gov-mod.net/wiki/spaces/RD/pages/5883646/VDP+Material+Spreader,,kinesisstats.osdsaltspreaderquantityspreaddrymilligrams,value.int_value,True,True,True,True,True,True,True
Material Spreader,General Information,Wet Spread Rate,50,salt_spreader_spread_rate_wet,salt_spreader_spread_rate_wet,,0.000000,282000.000000,,,,,https://samsara.atlassian-us-gov-mod.net/wiki/spaces/RD/pages/5883646/VDP+Material+Spreader,,kinesisstats.osdsaltspreaderspreadratewetmilliliterspermeter,value.int_value,True,True,True,True,True,True,True
Vehicle Diagnostics,Internal,Command Scheduler Debug,100,command_scheduler_stats,command_scheduler_stats,,,,,,,,,,kinesisstats.osdcommandschedulerstats,value.int_value,True,True,True,True,True,True,True
Vehicle Diagnostics,Device Dimensions,Firmware Build,100,hub_server_device_heartbeat_device_hello_build,hub_server_device_heartbeat_device_hello_build,,,,,,,,,,kinesisstats.osdhubserverdeviceheartbeat,value.proto_value.hub_server_device_heartbeat.connection.device_hello.build,True,True,True,True,True,True,True
Vehicle Diagnostics,General Information,Accelerator Pedal Position,1000,accelerator_pedal_position_deci_percent,accelerator_pedal_position_deci_percent,,,,,,,,,,kinesisstats.osdacceleratorpedalpositiondecipercent,value.int_value,False,True,True,True,True,True,True
Vehicle Diagnostics,General Information,Actual Engine Ignition Timing,1000,actual_ignition_timing_nano_degrees,actual_ignition_timing_nano_degrees,,,,,,,,,,kinesisstats.osdactualignitiontimingnanodegrees,value.int_value,False,True,True,True,True,False,False
Vehicle Diagnostics,General Information,Advanced Emergency Braking System State,1000,j1939_aebs1_advanced_emergency_braking_system_state_state,j1939_aebs1_advanced_emergency_braking_system_state_state,,,,,,,,,,kinesisstats.osdj1939aebs1advancedemergencybrakingsystemstatestate,value.int_value,True,True,True,True,True,True,True
Vehicle Diagnostics,General Information,Aftertreatment 1 DEF Tank Level,1000,aftertreatment_1_diesel_exhaust_fluid_tank_level_micrometer,aftertreatment_1_diesel_exhaust_fluid_tank_level_micrometer,,,,,,,,,,kinesisstats.osdaftertreatment1dieselexhaustfluidtanklevelmicrometer,value.int_value,False,True,False,True,True,False,False
Vehicle Diagnostics,General Information,Aftertreatment 1 DEF Tank Volume,1000,aftertreatment_1_diesel_exhaust_fluid_tank_volume_decipercent,aftertreatment_1_diesel_exhaust_fluid_tank_volume_decipercent,,,,,,,,,,kinesisstats.osdaftertreatment1dieselexhaustfluidtankvolumedecipercent,value.int_value,False,True,False,True,True,False,False
Vehicle Diagnostics,General Information,Aftertreatment Regen Inhibited,1000,aftertreatment_regeneration_inhibit_switch_state,aftertreatment_regeneration_inhibit_switch_state,,,,,,,,,,kinesisstats.osdaftertreatmentregenerationinhibitswitchstate,value.int_value,False,True,True,True,True,False,False
Refridgeration Units,General Information,Reefer Alarms,50,reefer_alarms,reefer_alarms,,,,,,,,,,kinesisstats.osdreeferalarms,value.int_value,True,True,True,True,True,True,True
Refridgeration Units,General Information,Reefer Ambient Air Temperature,50,reefer_ambient_air_temp_milli_c,reefer_ambient_air_temp_milli_c,,,,,,,,,,kinesisstats.osdreeferambientairtempmillic,value.int_value,True,True,True,True,True,True,True
Vehicle Diagnostics,General Information,Apparent Power,50,apparent_power_volt_ampere,apparent_power_volt_ampere,,,,,,,,,77,kinesisstats.osdapparentpowervoltampere,value.int_value,True,True,True,True,True,False,False
Vehicle Diagnostics,General Information,Average AC Current,50,average_ac_current_milli_amps,average_ac_current_milli_amps,,0.000000,64254500.000000,,,,,,56,kinesisstats.osdaverageaccurrentmilliamps,value.int_value,True,True,True,True,True,False,False
Vehicle Diagnostics,General Information,Average AC Frequency,50,average_ac_frequency_micro_hertz,average_ac_frequency_micro_hertz,,0.000000,501988281.300000,,,,,,57,kinesisstats.osdaverageacfrequencymicrohertz,value.int_value,True,True,True,True,True,False,False
Vehicle Diagnostics,General Information,Barometric Pressure,50,barometer_pa,barometer_pa,,0.000000,254500.000000,,,,,,17,kinesisstats.osdenginegauge,value.proto_value.engine_gauge_event.barometer_pa,True,True,True,True,True,False,False
Vehicle Diagnostics,General Information,Battery Potential,50,battery_potential_switched_milli_v,battery_potential_switched_milli_v,,0.000000,3212725.000000,,,,,,60,kinesisstats.osdbatterypotentialswitchedmilliv,value.int_value,True,True,True,True,True,True,True
Refridgeration Units,General Information,Reefer Battery Voltage,50,reefer_batt_voltage_milli_v,reefer_batt_voltage_milli_v,,,,,,,,,,kinesisstats.osdreeferbattvoltagemilliv,value.int_value,True,True,True,True,True,True,True
Vehicle Diagnostics,General Information,Boost Pressure,50,boost_pressure_pa,boost_pressure_pa,,0.000000,499000.000000,,,,,,,kinesisstats.osdboostpressurepa,value.int_value,True,True,False,False,False,False,False
Vehicle Diagnostics,General Information,Boost Pressure Turbocharger,50,boost_pressure_turbocharger_1_pa,boost_pressure_turbocharger_1_pa,,0.000000,8031812.500000,,,,,,,kinesisstats.osdboostpressureturbocharger1pa,value.int_value,True,True,False,True,True,False,False
Vehicle Diagnostics,General Information,Boost Pressure Turbocharger 2,50,boost_pressure_turbocharger_2_pa,boost_pressure_turbocharger_2_pa,,0.000000,8031812.500000,,,,,,,kinesisstats.osdboostpressureturbocharger2pa,value.int_value,True,True,False,True,True,False,False
Vehicle Diagnostics,Eco Driving,Brake Events,50,delta_brake_events,delta_brake_events,,0.000000,600000.000000,,,,,https://samsara.atlassian-us-gov-mod.net/wiki/spaces/RD/pages/5818493/VDP+EcoDriving,,kinesisstats.osddeltabrakeevents,value.int_value,True,True,True,True,True,True,True
Refridgeration Units,General Information,Reefer Carrier Status,50,reefer_pretrip_status_overall_status,reefer_pretrip_status_overall_status,,0.000000,6.000000,,,,,,,kinesisstats.osdreeferpretripstatus,value.proto_value.reefer_pretrip_status.carrier.overall_status,True,True,True,True,True,True,True
Vehicle Diagnostics,Fuel and Energy,Consumption Rate Debug,50,fuel_consumption_rate_ml_per_hour,fuel_consumption_rate_ml_per_hour,,0.000000,3875939970.000000,,,,,https://samsara.atlassian-us-gov-mod.net/wiki/spaces/RD/pages/4621773/VDP+Fuel+Consumption,4,kinesisstats.osdfuelconsumptionratemlperhour,value.int_value,True,True,True,True,True,False,False
Refridgeration Units,General Information,Reefer Controller Type,50,reefer_attached_controller,reefer_attached_controller,,,,,,,,,,kinesisstats.osdreeferattachedcontroller,value.int_value,True,True,True,True,True,True,True
Vehicle Diagnostics,General Information,Delivery Pressure,50,fuel_delivery_pressure_k_pa,fuel_delivery_pressure_k_pa,,0.000000,998.000000,,,,,,,kinesisstats.osdfueldeliverypressurekpa,value.int_value,True,True,True,True,True,False,False
Refridgeration Units,General Information,Reefer Display Air Temperature,50,reefer_display_air_temp_milli_c,reefer_display_air_temp_milli_c,,-38000.000000,70000.000000,,,,,,,kinesisstats.osdreeferdisplayairtempmillic,value.int_value,False,True,True,True,True,True,True
Refridgeration Units,General Information,Reefer Door Open,50,reefer_door_open,reefer_door_open,,0.000000,1.000000,,,,,,,kinesisstats.osdreeferdooropen,value.int_value,True,True,True,True,True,True,True
Refridgeration Units,General Information,Reefer Door Open Zone 1,50,reefer_door_open_zone_1,reefer_door_open_zone_1,,0.000000,1.000000,,,,,,,kinesisstats.osdreeferdooropenzone1,value.int_value,True,True,True,True,True,True,True
Refridgeration Units,General Information,Reefer Door Open Zone 2,50,reefer_door_open_zone_2,reefer_door_open_zone_2,,0.000000,1.000000,,,,,,,kinesisstats.osdreeferdooropenzone2,value.int_value,True,True,True,True,True,True,True
Refridgeration Units,General Information,Reefer Door Open Zone 3,50,reefer_door_open_zone_3,reefer_door_open_zone_3,,0.000000,1.000000,,,,,,,kinesisstats.osdreeferdooropenzone3,value.int_value,True,True,True,True,True,True,True
Vehicle Diagnostics,EU Compliance,Download Error,50,tachograph_download_error,tachograph_download_error,,,,,,,,https://samsara.atlassian-us-gov-mod.net/wiki/spaces/RD/pages/4621773/VDP+Fuel+Consumption,,kinesisstats.osdtachographdownloaderror,value.int_value,True,True,True,True,True,True,True
Vehicle Diagnostics,EU Compliance,Driver Info,50,tachograph_driver_info,tachograph_driver_info,,,,,,,,https://samsara.atlassian-us-gov-mod.net/wiki/spaces/RD/pages/4621773/VDP+Fuel+Consumption,,kinesisstats.osdtachographdriverinfo,value.int_value,True,True,True,True,True,True,True
Vehicle Diagnostics,EU Compliance,Driver State,50,tachograph_driver_state,tachograph_driver_state,,,,,,,,https://samsara.atlassian-us-gov-mod.net/wiki/spaces/RD/pages/4621773/VDP+Fuel+Consumption,,kinesisstats.osdtachographdriverstate,value.int_value,True,True,True,True,True,True,True
Material Spreader,General Information,Dry Spread Rate,50,salt_spreader_rate_dry_milligrams_per_meter,salt_spreader_rate_dry_milligrams_per_meter,,0.000000,282000.000000,,,,,https://samsara.atlassian-us-gov-mod.net/wiki/spaces/RD/pages/5883646/VDP+Material+Spreader,,kinesisstats.osdsaltspreaderratedrymilligramspermeter,value.int_value,False,True,True,True,True,True,True
Vehicle Diagnostics,General Information,ECU History,50,ecu_history_total_run_time_sec,ecu_history_total_run_time_sec,,,,,,,,,,kinesisstats.osdecuhistorytotalruntime,value.int_value,False,True,True,True,True,True,True
Refridgeration Units,General Information,Reefer Electric Hours,50,reefer_electric_hours,reefer_electric_hours,,,,,,,,,,kinesisstats.osdreeferelectrichours,value.int_value,False,True,True,True,True,True,True
Vehicle Diagnostics,Maintenance,12V Battery Voltage - Cable,1,cable_voltage,cable_voltage,,0.000000,48.000000,,,,,,,kinesisstats.osdcablevoltage,value.int_value,True,True,True,True,True,True,True
Vehicle Diagnostics,Maintenance,Engine Faults,50,j1939_d2_status,j1939_d2_status,,,,,,,,,,kinesisstats.osdj1939d2status,value.int_value,True,True,True,True,True,True,True
Refridgeration Units,General Information,Reefer Engine Hours Zone 2,50,reefer_engine_hours_zone_2,reefer_engine_hours_zone_2,,0.000000,99999.000000,,,,,,,kinesisstats.osdreeferenginehourszone2,value.int_value,True,True,True,True,True,True,True
Vehicle Diagnostics,General Information,Engine Oil Temperature,50,engine_oil_temp_micro_c,engine_oil_temp_micro_c,,-272984375.000000,1734953125.000000,,,,,,,kinesisstats.osdengineoiltempmicroc,value.int_value,True,True,True,True,True,False,False
Vehicle Diagnostics,General Information,Fuel Economy,50,fuel_economy_meters_per_k_g,fuel_economy_meters_per_k_g,,0.000000,125497.070300,,,,,,152,kinesisstats.osdenginegauge,value.proto_value.engine_gauge_event.fuel_economy_meters_per_k_g,True,True,True,True,True,False,False
Refridgeration Units,General Information,Reefer Fuel Level Percent,50,reefer_fuel_level_percent,reefer_fuel_level_percent,,0.000000,100.000000,,,,,,,kinesisstats.osdreeferfuellevelpercent,value.int_value,True,True,True,True,True,True,True
Vehicle Diagnostics,General Information,Fuel Temperature,50,fuel_temp_milli_c,fuel_temp_milli_c,,-39500.000000,209500.000000,,,,,,150,kinesisstats.osdenginegauge,value.proto_value.engine_gauge_event.fuel_temp_milli_c,True,True,True,True,True,False,False
Material Spreader,General Information,Ground Speed,50,salt_spreader_ground_speed_milli_knots,salt_spreader_ground_speed_milli_knots,,0.000000,69518.000000,,,,,https://samsara.atlassian-us-gov-mod.net/wiki/spaces/RD/pages/5883646/VDP+Material+Spreader,,kinesisstats.osdsaltspreadergroundspeedmilliknots,value.int_value,True,True,True,True,True,True,True
Material Spreader,General Information,Ground Temperature,50,salt_spreader_ground_temp_milli_c,salt_spreader_ground_temp_milli_c,,-40000.000000,40000.000000,,,,,https://samsara.atlassian-us-gov-mod.net/wiki/spaces/RD/pages/5883646/VDP+Material+Spreader,,kinesisstats.osdsaltspreadergroundtempmillic,value.int_value,True,True,True,True,True,True,True
Refridgeration Units,General Information,Reefer Heartbeat,50,reefer_heartbeat,reefer_heartbeat,,,,,,,,,,kinesisstats.osdreeferheartbeat,value.int_value,True,True,True,True,True,True,True
Refridgeration Units,General Information,Reefer Power Status,50,reefer_power_status,reefer_power_status,,,,,,,,,,kinesisstats.osdreeferpowerstatus,value.int_value,True,True,True,True,True,True,True
Refridgeration Units,General Information,Reefer Pretrip Status,50,reefer_pretrip_status,reefer_pretrip_status,,,,,,,,,,kinesisstats.osdreeferpretripstatus,value.int_value,True,True,True,True,True,True,True
Material Spreader,General Information,Prewet Material Spread - Quantity,50,salt_spreader_quantity_spread_prewet_milliliters,salt_spreader_quantity_spread_prewet_milliliters,,0.000000,999999999999.000000,0.000000,999999999999.000000,,,https://samsara.atlassian-us-gov-mod.net/wiki/spaces/RD/pages/5883646/VDP+Material+Spreader,,kinesisstats.osdsaltspreaderquantityspreadprewetmilliliters,value.int_value,True,True,True,True,True,True,True
Material Spreader,General Information,Prewet Material Spread - Rate per Tonne,50,salt_spreader_spread_rate_prewet_liters_per_tonne,salt_spreader_spread_rate_prewet_liters_per_tonne,,0.000000,282000.000000,,,,,https://samsara.atlassian-us-gov-mod.net/wiki/spaces/RD/pages/5883646/VDP+Material+Spreader,,kinesisstats.osdsaltspreaderspreadrateprewetlitersperTonne,value.int_value,False,True,True,True,True,True,True
Material Spreader,General Information,Prewet Material Spread - Rate per Meter,50,salt_spreader_spread_rate_prewet_milliliters_per_meter,salt_spreader_spread_rate_prewet_milliliters_per_meter,,0.000000,282000.000000,,,,,https://samsara.atlassian-us-gov-mod.net/wiki/spaces/RD/pages/5883646/VDP+Material+Spreader,,kinesisstats.osdsaltspreaderspreadrateprewetmilliliterspermeter,value.int_value,True,True,True,True,True,True,True
Vehicle Diagnostics,Internal,Raw State of Charge,50,ev_raw_state_of_charge_milli_percent,ev_raw_state_of_charge_milli_percent,,,,,,,,,,kinesisstats.osdevrawstateofchargemillipercent,value.int_value,True,False,False,True,True,True,False
Refridgeration Units,General Information,Reefer Run Mode,50,reefer_run_mode,reefer_run_mode,,,,,,,,,,kinesisstats.osdreeferrunmode,value.int_value,True,True,True,True,True,True,True
Refridgeration Units,General Information,Reefer Road Engine Hours Zone 1,50,reefer_road_hours_zone_1,reefer_road_hours_zone_1,,0.000000,99999.000000,,,,,,,kinesisstats.osdreeferroadhourszone1,value.int_value,True,True,True,True,True,True,True
Refridgeration Units,General Information,Reefer Road Engine Hours Zone 2,50,reefer_road_hours_zone_2,reefer_road_hours_zone_2,,0.000000,99999.000000,,,,,,,kinesisstats.osdreeferroadhourszone2,value.int_value,True,True,True,True,True,True,True
Vehicle Diagnostics,General Information,Service Distance,50,distance_service_meters,distance_service_meters,,-160635000.000000,160637500.000000,,,,,,,kinesisstats.osddistanceservicemeters,value.int_value,True,True,True,True,True,True,True
Refridgeration Units,General Information,Reefer Set Point Temperature,50,set_point_temp_milli_c,set_point_temp_milli_c,,-30000.000000,30000.000000,,,,,,,kinesisstats.osdsetpointtempmillic,value.int_value,True,True,True,True,True,True,True
Refridgeration Units,General Information,Reefer Set Point Temperature Zone 2,50,set_point_temp_milli_c_zone_2,set_point_temp_milli_c_zone_2,,-30000.000000,30000.000000,,,,,,,kinesisstats.osdsetpointtempmilliczone2,value.int_value,True,True,True,True,True,True,True
Refridgeration Units,General Information,Reefer Set Point Temperature Zone 3,50,set_point_temp_milli_c_zone_3,set_point_temp_milli_c_zone_3,,-30000.000000,30000.000000,,,,,,,kinesisstats.osdsetpointtempmilliczone3,value.int_value,True,True,True,True,True,True,True
Vehicle Diagnostics,General Information,Smog Check Results,50,smog_check_results,smog_check_results,,,,,,,,,,kinesisstats.osdsmogcheckresults,value.int_value,True,True,False,False,False,False,False
Material Spreader,General Information,Spreading State,50,salt_spreader_state,salt_spreader_state,,0.000000,2.000000,,,,,https://samsara.atlassian-us-gov-mod.net/wiki/spaces/RD/pages/5883646/VDP+Material+Spreader,,kinesisstats.osdsaltspreaderstate,value.int_value,True,True,True,True,True,True,True
Refridgeration Units,General Information,Reefer State,50,reefer_state,reefer_state,,0.000000,3.000000,,,,,,,kinesisstats.osdreeferstate,value.int_value,True,True,True,True,True,True,True
Refridgeration Units,General Information,Reefer State Zone 1,50,reefer_state_zone_1,reefer_state_zone_1,,0.000000,3.000000,,,,,,,kinesisstats.osdreeferstatezone1,value.int_value,True,True,True,True,True,True,True
Refridgeration Units,General Information,Reefer State Zone 2,50,reefer_state_zone_2,reefer_state_zone_2,,0.000000,3.000000,,,,,,,kinesisstats.osdreeferstatezone2,value.int_value,True,True,True,True,True,True,True
Refridgeration Units,General Information,Reefer State Zone 3,50,reefer_state_zone_3,reefer_state_zone_3,,0.000000,3.000000,,,,,,,kinesisstats.osdreeferstatezone3,value.int_value,True,True,True,True,True,True,True
Refridgeration Units,General Information,Reefer Thermoking IBOX Attached Controller,50,reefer_attached_controller_thermo_king_ibox_attached,reefer_attached_controller_thermo_king_ibox_attached,,0.000000,24.000000,,,,,,,kinesisstats.osdreeferattachedcontroller,value.proto_value.reefer_attached_controller.thermo_king_ibox_attached_controller,True,True,True,True,True,True,True
Vehicle Diagnostics,General Information,Torque Percent,50,torque_percent,torque_percent,,-125.500000,125.500000,,,,,,,kinesisstats.osdtorquepercent,value.int_value,True,True,True,True,True,True,True
Vehicle Diagnostics,General Information,Total Apparent Power,50,total_apparent_power_volt_ampere,total_apparent_power_volt_ampere,,-2000000000.000000,2211081215.000000,,,,,,,kinesisstats.osdtotalapparentpowervoltampere,value.int_value,True,True,True,True,True,False,False
Vehicle Diagnostics,General Information,Total KWH Exported,50,total_kwh_exported,total_kwh_exported,,0.000000,4211081215.000000,,,,,,,kinesisstats.osdtotalkwhexported,value.int_value,True,True,True,True,True,False,False
Vehicle Diagnostics,General Information,Total Power,50,total_power_kw,total_power_kw,,0.000000,32127.250000,,,,,,,kinesisstats.osdtotalpowerkw,value.int_value,True,True,True,True,True,False,False
Vehicle Diagnostics,General Information,Total Reactive Power,50,total_reactive_power_volt_ampere_reactive,total_reactive_power_volt_ampere_reactive,,-2000000000.000000,2211081215.000000,,,,,,,kinesisstats.osdtotalreactivepowervoltampereactive,value.int_value,False,True,True,True,True,False,False
Vehicle Diagnostics,General Information,Total Real Power,50,total_real_power_watt,total_real_power_watt,,-2000000000.000000,2211081215.000000,,,,,,,kinesisstats.osdtotalrealpowerwatt,value.int_value,True,True,True,True,True,False,False
Material Spreader,General Information,Salt Spreader Type,50,salt_spreader_type,salt_spreader_type,definitions.salt_spreader_type,,,,,,,https://samsara.atlassian-us-gov-mod.net/wiki/spaces/RD/pages/5883646/VDP+Material+Spreader,,kinesisstats.osdsaltspreadertype,value.int_value,True,True,True,True,True,True,True
Vehicle Diagnostics,General Information,Vehicle Network Connection,50,can_connected,can_connected,,0.000000,5.000000,,,,,,,kinesisstats.osdcanconnected,value.int_value,True,True,True,True,True,True,True
Vehicle Diagnostics,General Information,Air Filter Pressure,1000,air_filter_diff_pressure_pa,air_filter_diff_pressure_pa,,,,,,,,,,kinesisstats.osdairfilterdiffpressurepa,value.int_value,False,True,True,True,True,False,False
Vehicle Diagnostics,General Information,Analog Input Current 1,1000,j1939_prop_analog_input_current_1_micro_amps,j1939_prop_analog_input_current_1_micro_amps,,,,,,,,,,kinesisstats.osdj1939propanaloginputcurrent1microamps,value.int_value,True,True,True,True,True,True,False
Vehicle Diagnostics,General Information,Analong Input Current 2,1000,j1939_prop_analog_input_current_2_micro_amps,j1939_prop_analog_input_current_2_micro_amps,,,,,,,,,,kinesisstats.osdj1939propanaloginputcurrent2microamps,value.int_value,True,True,True,True,True,True,False
Vehicle Diagnostics,General Information,Analog Input Current 3,1000,j1939_prop_analog_input_current_3_micro_amps,j1939_prop_analog_input_current_3_micro_amps,,,,,,,,,,kinesisstats.osdj1939propanaloginputcurrent3microamps,value.int_value,True,True,True,True,True,True,False
Vehicle Diagnostics,General Information,Analog Input Voltage 1,1000,j1939_prop_analog_input_voltage_1_milli_volts,j1939_prop_analog_input_voltage_1_milli_volts,,,,,,,,,,kinesisstats.osdj1939propanaloginputvoltage1millivolts,value.int_value,True,True,True,True,True,True,False
Vehicle Diagnostics,General Information,Analog Input Voltage 2,1000,j1939_prop_analog_input_voltage_2_milli_volts,j1939_prop_analog_input_voltage_2_milli_volts,,,,,,,,,,kinesisstats.osdj1939propanaloginputvoltage2millivolts,value.int_value,True,True,True,True,True,True,False
Vehicle Diagnostics,General Information,Analog Input Voltage 3,1000,j1939_prop_analog_input_voltage_3_milli_volts,j1939_prop_analog_input_voltage_3_milli_volts,,,,,,,,,,kinesisstats.osdj1939propanaloginputvoltage3millivolts,value.int_value,True,True,True,True,True,True,False
Vehicle Diagnostics,General Information,Collision Warning Lvel,1000,j1939_aebs1_collision_warning_level_state,j1939_aebs1_collision_warning_level_state,,,,,,,,,,kinesisstats.osdj1939aebs1collisionwarninglevelstate,value.int_value,True,True,True,True,True,True,True
Industrial,General Information,Compressor Discharge Temperature,1000,sullair_compressor_discharge_temp_micro_celsius,sullair_compressor_discharge_temp_micro_celsius,,,,,,,,,,kinesisstats.osdsullaircompressordischargetempmicrocelsius,value.int_value,False,True,True,True,True,True,True
Industrial,General Information,Compressor Fuel Level,1000,sullair_compressor_fuel_level_deci_percent,sullair_compressor_fuel_level_deci_percent,,,,,,,,,,kinesisstats.osdsullaircompressorfuelleveldecipercent,value.int_value,False,True,True,True,True,True,True
Industrial,General Information,Compressor P1 Pressure,1000,sullair_compressor_p1_pressure_pa,sullair_compressor_p1_pressure_pa,,,,,,,,,,kinesisstats.osdsullaircompressorp1pressurepa,value.int_value,False,True,True,True,True,True,True
Industrial,General Information,Compressor P2 Pressure,1000,sullair_compressor_p2_pressure_pa,sullair_compressor_p2_pressure_pa,,,,,,,,,,kinesisstats.osdsullaircompressorp2pressurepa,value.int_value,False,True,True,True,True,True,True
Industrial,General Information,Compressor P3 Pressure,1000,sullair_compressor_p3_pressure_pa,sullair_compressor_p3_pressure_pa,,,,,,,,,,kinesisstats.osdsullaircompressorp3pressurepa,value.int_value,False,True,True,True,True,True,True
Vehicle Diagnostics,Internal,Custom OBD,1000,custom_obd_start,custom_obd_start,,,,,,,,,,kinesisstats.osdcustomobdstart,value.int_value,True,True,True,True,True,True,True
Vehicle Diagnostics,General Information,DEF Active Regen Inhibitied,1000,diesel_particulate_filter_active_regeneration_inhibited_due_to_inhibit_switch_state,diesel_particulate_filter_active_regeneration_inhibited_due_to_inhibit_switch_state,,,,,,,,,,kinesisstats.osddieselparticulatefilteractiveregenerationinhibitedduetoinhibitswitchstate,value.int_value,False,True,False,False,False,False,False
Vehicle Diagnostics,General Information,DEF Active Regen Inhibitied State,1000,diesel_particulate_filter_active_regeneration_inhibited_status_state,diesel_particulate_filter_active_regeneration_inhibited_status_state,,,,,,,,,,kinesisstats.osddieselparticulatefilteractiveregenerationinhibitedstatusstate,value.int_value,False,True,False,False,False,False,False
Vehicle Diagnostics,General Information,Desired Engine Ignition Timing,1000,engine_desired_ignition_timing_nano_degrees,engine_desired_ignition_timing_nano_degrees,,,,,,,,,,kinesisstats.osdenginedesiredignitiontimingnanodegrees,value.int_value,False,True,True,True,True,False,False
Vehicle Diagnostics,Electric Vehicles,Display State of Charge,1000,ev_high_capacity_battery_display_state_of_charge_milli_percent,ev_high_capacity_battery_display_state_of_charge_milli_percent,,,,,,,,https://samsara.atlassian-us-gov-mod.net/wiki/spaces/RD/pages/5695980/VDP+Electric+Vehicles,,kinesisstats.osdevhighcapacitybatterydisplaystateofchargemillipercent,value.int_value,False,False,False,True,True,True,False
Vehicle Diagnostics,General Information,DPF Regeneration Active,1000,j1939_dpf_regen_active_status,j1939_dpf_regen_active_status,,,,,,,,,,kinesisstats.osdj1939dpfregenactivestatus,value.int_value,True,True,False,False,False,False,False
Vehicle Diagnostics,General Information,DPF Regeneration Forced,1000,j1939_dpf_regen_forced_status,j1939_dpf_regen_forced_status,,,,,,,,,,kinesisstats.osdj1939dpfregenforcedstatus,value.int_value,True,True,False,False,False,False,False
Vehicle Diagnostics,General Information,DPF Regeneration Needed,1000,j1939_dpf_regen_needed_status,j1939_dpf_regen_needed_status,,,,,,,,,,kinesisstats.osdj1939dpfregenneededstatus,value.int_value,True,True,False,False,False,False,False
Vehicle Diagnostics,General Information,DPF Regeneration Passive,1000,j1939_dpf_regen_passive_status,j1939_dpf_regen_passive_status,,,,,,,,,,kinesisstats.osdj1939dpfregenpassivestatus,value.int_value,True,True,False,False,False,False,False
Vehicle Diagnostics,General Information,Driver Alertness,1000,j1939_fli1_driver_alertness_warning,j1939_fli1_driver_alertness_warning,,,,,,,,,,kinesisstats.osdj1939fli1driveralertnesswarning,value.int_value,True,True,True,True,True,True,True
Vehicle Diagnostics,General Information,ELD Odometer Meters,1000,eld_odometer_meters,eld_odometer_meters,,,,,,,,,,kinesisstats.osdeldodometermeters,value.int_value,True,True,True,True,True,True,True
Vehicle Diagnostics,Electric Vehicles,Energy Remaining,1000,ev_high_capacity_battery_remaining_energy_wh,ev_high_capacity_battery_remaining_energy_wh,,,,,,,,https://samsara.atlassian-us-gov-mod.net/wiki/spaces/RD/pages/5695980/VDP+Electric+Vehicles,,kinesisstats.osdevhighcapacitybatteryremainingenergywh,value.int_value,True,False,False,True,True,True,False
Vehicle Diagnostics,General Information,Engine Oil Level,1000,engine_oil_level_deci_percent,engine_oil_level_deci_percent,,,,,,,,,,kinesisstats.osdengineoilleveldecipercent,value.int_value,True,True,True,True,True,False,False
Vehicle Diagnostics,General Information,Engine Throttle Actuator Control Command Percent,1000,engine_throttle_actuator_1_control_command_micro_percent,engine_throttle_actuator_1_control_command_micro_percent,,,,,,,,,,kinesisstats.osdenginethrottleactuator1controlcommandmicropercent,value.int_value,False,True,True,True,True,False,False
Vehicle Diagnostics,General Information,Engine Total Fuel Used,1000,engine_total_fuel_used_milli_liters,engine_total_fuel_used_milli_liters,,,,,,,,,,kinesisstats.osdenginetotalfuelusedmilliliters,value.int_value,True,True,True,True,True,False,False
Vehicle Diagnostics,General Information,Engine Total Idle Fuel Used,1000,engine_total_idle_fuel_used_milli_liters,engine_total_idle_fuel_used_milli_liters,,,,,,,,,,kinesisstats.osdenginetotalidlefuelusedmilliliters,value.int_value,True,True,True,True,True,False,False
Vehicle Diagnostics,General Information,Engine Total Idle Time,1000,engine_total_idle_time_minutes,engine_total_idle_time_minutes,,,,,,,,,,kinesisstats.osdenginetotalidletimeminutes,value.int_value,True,True,True,True,True,True,True
Vehicle Diagnostics,General Information,Exhaust Manifold Temperature Bank 1,1000,engine_exhaust_manifold_bank_1_temp_1_micro_celsius,engine_exhaust_manifold_bank_1_temp_1_micro_celsius,,,,,,,,,,kinesisstats.osdengineexhaustmanifoldbank1temp1microcelsius,value.int_value,False,True,True,True,True,False,False
Vehicle Diagnostics,General Information,Exhaust Manifold Temperature Bank 2,1000,engine_exhaust_manifold_bank_2_temp_1_micro_celsius,engine_exhaust_manifold_bank_2_temp_1_micro_celsius,,,,,,,,,,kinesisstats.osdengineexhaustmanifoldbank2temp1microcelsius,value.int_value,False,True,True,True,True,False,False
Vehicle Diagnostics,General Information,Exhaust Temperature,1000,engine_exhaust_temp_micro_c,engine_exhaust_temp_micro_c,,,,,,,,,,kinesisstats.osdengineexhausttempmicroc,value.int_value,False,True,True,True,True,False,False
Vehicle Diagnostics,General Information,Fuel Level Tank 1,1000,fuel_level_1_deci_percent,fuel_level_1_deci_percent,,,,,,,,,,kinesisstats.osdfuellevel1decipercent,value.int_value,True,True,True,True,True,False,False
Vehicle Diagnostics,General Information,Intercooler Temperature,1000,engine_intercooler_temp_c,engine_intercooler_temp_c,,,,,,,,,,kinesisstats.osdengineintercoolertempc,value.int_value,False,True,False,False,False,False,False
Vehicle Diagnostics,General Information,Lane Departure Imminent Left Side,1000,j1939_fli1_lane_departure_imminent_left_side_state,j1939_fli1_lane_departure_imminent_left_side_state,,,,,,,,,,kinesisstats.osdj1939fli1lanedepartureimminentleftsidestate,value.int_value,False,True,True,True,True,True,True
Vehicle Diagnostics,General Information,Lane Departure Imminent Right Side,1000,j1939_fli1_lane_departure_imminent_right_side_state,j1939_fli1_lane_departure_imminent_right_side_state,,,,,,,,,,kinesisstats.osdj1939fli1lanedepartureimminentrightsidestate,value.int_value,False,True,True,True,True,True,True
Vehicle Diagnostics,General Information,Lane Departure Left Side,1000,j1939_fli1_lane_departure_left_side,j1939_fli1_lane_departure_left_side,,,,,,,,,,kinesisstats.osdj1939fli1lanedepartureleftside,value.int_value,False,True,True,True,True,True,True
Vehicle Diagnostics,General Information,Lane Departure Right Side,1000,j1939_fli1_lane_departure_right_side,j1939_fli1_lane_departure_right_side,,,,,,,,,,kinesisstats.osdj1939fli1lanedeparturerightside,value.int_value,False,True,True,True,True,True,True
Vehicle Diagnostics,General Information,Lane Keeping Assist,1000,j1939_assc1_lane_keeping_assist_system_state,j1939_assc1_lane_keeping_assist_system_state,,,,,,,,,,kinesisstats.osdj1939assc1lanekeepingassistsystemstate,value.int_value,True,True,True,True,True,True,True
Vehicle Diagnostics,General Information,Power Factor Lagging,1000,overall_power_factor_lagging_enum,overall_power_factor_lagging_enum,,,,,,,,,,kinesisstats.osdoverallpowerfactorlaggingenum,value.int_value,False,True,True,True,True,True,False
Vehicle Diagnostics,Electric Vehicles,Real State of Charge,1000,ev_high_capacity_battery_real_state_of_charge_milli_percent,ev_high_capacity_battery_real_state_of_charge_milli_percent,,,,,,,,https://samsara.atlassian-us-gov-mod.net/wiki/spaces/RD/pages/5695980/VDP+Electric+Vehicles,,kinesisstats.osdevhighcapacitybatteryrealstateofchargemillipercent,value.int_value,False,False,False,True,True,True,False
Vehicle Diagnostics,General Information,System Cleaning Inhibited Status State,1000,scr_system_cleaning_inhibited_status_state,scr_system_cleaning_inhibited_status_state,,,,,,,,,,kinesisstats.osdscrsystemcleaninginhibitedstatusstate,value.int_value,False,True,False,False,False,False,False
Vehicle Diagnostics,General Information,System Cleaning Inhibited Switch State,1000,scr_system_cleaning_inhibited_due_to_inhibit_switch_state,scr_system_cleaning_inhibited_due_to_inhibit_switch_state,,,,,,,,,,kinesisstats.osdscrsystemcleaninginhibitedduetoinhibitswitchstate,value.int_value,False,True,False,False,False,False,False
Vehicle Diagnostics,General Information,Throttle Position,1000,throttle_value_1_position_1_deci_percent,throttle_value_1_position_1_deci_percent,,,,,,,,,,kinesisstats.osdthrottlevalue1position1decipercent,value.int_value,False,True,True,True,True,False,False
Vehicle Diagnostics,General Information,Time to Collision,1000,j1939_aebs1_time_to_collision_with_relevant_object_centi_seconds,j1939_aebs1_time_to_collision_with_relevant_object_centi_seconds,,,,,,,,,,kinesisstats.osdj1939aebs1timetocollisionwithrelevantobjectcentiseconds,value.int_value,True,True,True,True,True,True,True
Vehicle Diagnostics,Maintenance,Engine Faults - D1,1,j1939_d1_status,j1939_d1_status,,,,,,,,,,kinesisstats.osdj1939d1status,value.int_value,True,True,True,True,True,True,True
Vehicle Diagnostics,Maintenance,Engine Faults - Passenger,1,passenger_dtcs,passenger_dtcs,,,,,,,,,,kinesisstats.osdpassengerdtcs,value.int_value,True,True,True,True,True,True,True
Vehicle Diagnostics,Maintenance,Engine Faults - Overall,1,engine_fault,engine_fault,,,,,,,,,,kinesisstats.osdenginefault,value.int_value,True,True,True,True,True,True,True
Vehicle Diagnostics,Fuel and Energy,Fuel Consumption - Gaseous,1,fuel_consumed_gaseous,fuel_consumed_gaseous,,,,,,,,https://samsara.atlassian-us-gov-mod.net/wiki/spaces/RD/pages/4621773/VDP+Fuel+Consumption,,kinesisstats.osdfuelconsumedgaseous,value.int_value,True,False,True,False,False,False,False
Vehicle Diagnostics,General Information,Average Line to Line ACRMS Voltage,50,average_line_to_line_acrms_milli_volts,average_line_to_line_acrms_milli_volts,,0.000000,64254500.000000,,,,,,58,kinesisstats.osdaveragelinetolineacrmsmillivolts,value.int_value,True,True,True,True,True,False,False
Vehicle Diagnostics,General Information,Exhaust Gas Pressure,50,exhaust_gas_pressure_pa,exhaust_gas_pressure_pa,,-250000.000000,251988.281300,,,,,,,kinesisstats.osdexhaustgaspressurepa,value.int_value,True,True,False,True,True,False,False
Vehicle Diagnostics,General Information,Fuel Level Tank 2,1000,fuel_level_2_deci_percent,fuel_level_2_deci_percent,,0.000000,1000.000000,,,,,https://samsara.atlassian-us-gov-mod.net/wiki/spaces/RD/pages/4621773/VDP+Fuel+Consumption,,kinesisstats_history.osdj1939ddfuellevel2decipercent,value.int_value,True,True,True,True,True,False,False
Vehicle Diagnostics,Maintenance,J1939 Engine Faults,1,j1939_fault_count,j1939_fault_count,,,,,,,,,,product_analytics_staging.fct_osdenginefault,j1939_fault_count,True,True,True,True,True,True,True
Vehicle Diagnostics,Maintenance,Passenger Engine Faults,1,passenger_fault_count,passenger_fault_count,,,,,,,,,,product_analytics_staging.fct_osdenginefault,passenger_fault_count,True,True,True,True,True,True,True
Vehicle Diagnostics,Fuel and Energy,Hourly Fuel Consumption - Gaseous,1,gaseous_fuel_consumption,gaseous_fuel_consumption,,0.000000,271000.000000,,,,,https://samsara.atlassian-us-gov-mod.net/wiki/spaces/RD/pages/4621773/VDP+Fuel+Consumption,,product_analytics_staging.fct_hourlyfuelconsumption,gaseous_consumption,True,True,True,True,True,False,False
Vehicle Diagnostics,Fuel and Energy,Hourly Fuel Consumption - Liquid,1,liquid_fuel_consumption,liquid_fuel_consumption,,0.000000,454609.000000,,,,,https://samsara.atlassian-us-gov-mod.net/wiki/spaces/RD/pages/4621773/VDP+Fuel+Consumption,,product_analytics_staging.fct_hourlyfuelconsumption,liquid_consumption,True,True,True,True,True,False,False
Vehicle Diagnostics,Maintenance,Diagnostic Fault Count,1,diagnostic_fault_count,diagnostic_fault_count,,,,,,,,,,product_analytics_staging.stg_daily_faults,fault_count,True,True,True,True,True,True,True
Vehicle Diagnostics,US Compliance,Vehicle Identification Number (VIN),1,vin_count,vin_count,,,,,,,,,,product_analytics_staging.fct_osdvin,vin_count,True,True,True,True,True,True,True
Vehicle Diagnostics,US Compliance,Unique VIN Count,1,unique_vin_count,unique_vin_count,,,,,,,,,,product_analytics_staging.fct_osdvin,unique_vin_count,True,True,True,True,True,True,True
